age,sex,bmi,vas_pain_score,womac_score,prior_injury_history,activity_level,stance_time_asymmetry,knee_rom_left,knee_rom_right,load_distribution_ratio,cadence,heel_strike_force_left,heel_strike_force_right,toe_off_force_left,toe_off_force_right,gait_cycle_variability,risk_tier
66,Female,24.6,3.5,15.1,No Prior Injury,Moderate,5.9,53.9,45.7,1.091,95.2,1.15,0.88,1.08,0.88,4.74,Moderate
55,Female,30.8,5.2,52.1,ACL Tear,Sedentary,10.51,50.9,32.7,1.426,90.1,1.28,0.84,1.08,0.52,11.14,High
37,Female,23.3,2.8,13.4,No Prior Injury,Very Active,1.52,61.4,59.1,1.011,104.5,1.15,1.31,1.11,1.06,1.48,Low
30,Male,23.9,0.0,11.3,No Prior Injury,Moderate,1.21,65.4,64.8,1.047,117.9,1.38,1.32,1.34,1.19,1.72,Low
53,Male,24.2,1.2,0.6,No Prior Injury,Light,1.09,72.0,72.0,1.025,117.7,1.24,1.18,1.2,1.17,1.4,Low
54,Female,30.5,4.4,22.6,ACL Tear,Very Active,7.48,47.5,56.5,0.883,92.8,1.03,1.02,0.97,1.01,5.73,Moderate
52,Female,29.4,5.5,24.9,No Prior Injury,Moderate,6.75,50.9,44.6,1.295,111.8,1.19,1.01,1.0,1.0,3.93,Moderate
57,Female,21.0,4.0,39.8,Repetitive Strain,Light,3.87,58.8,48.9,1.108,100.4,1.21,0.99,0.99,0.8,4.12,Moderate
73,Female,25.3,6.4,50.6,ACL Tear,Sedentary,10.85,48.1,30.9,1.535,79.6,1.22,0.53,1.13,0.62,8.84,High
39,Female,22.1,1.1,12.8,No Prior Injury,Sedentary,1.67,60.8,61.5,0.989,109.3,1.3,1.1,1.17,1.19,2.14,Low
64,Female,26.7,3.8,19.4,No Prior Injury,Active,4.9,60.4,52.0,1.02,97.9,1.05,1.15,1.11,1.15,4.69,Moderate
73,Female,34.8,7.1,50.6,Meniscus Tear,Sedentary,19.13,38.6,52.0,0.55,70.9,0.68,1.1,0.54,0.97,9.22,High
53,Male,29.7,5.4,34.0,No Prior Injury,Moderate,5.68,45.7,38.0,1.263,90.2,1.06,0.99,1.08,0.85,2.2,Moderate
64,Female,33.1,7.0,75.0,Meniscus Tear,Light,10.76,26.8,44.1,0.581,84.7,0.5,1.21,0.57,0.87,7.77,High
39,Male,27.7,2.7,11.9,No Prior Injury,Moderate,0.19,62.7,64.4,0.947,107.2,1.28,1.08,1.19,1.14,2.08,Low
62,Female,32.5,6.0,40.7,ACL Tear,Sedentary,11.53,46.9,35.4,1.188,81.4,1.02,0.69,0.9,0.48,6.87,High
59,Female,32.2,7.9,68.9,ACL Tear,Active,17.26,40.1,24.0,1.26,75.5,1.23,0.63,1.01,0.44,5.36,High
37,Male,22.0,2.2,10.3,No Prior Injury,Moderate,4.5,63.3,60.7,0.986,124.9,1.18,1.21,1.1,1.13,1.51,Low
37,Male,22.8,1.7,0.0,No Prior Injury,Light,0.78,60.5,62.9,0.943,115.7,1.16,1.19,1.18,1.07,1.77,Low
53,Male,28.9,0.8,10.9,No Prior Injury,Active,4.5,63.6,64.1,1.08,110.6,1.17,1.1,1.08,1.14,2.7,Low
45,Female,33.8,3.8,35.5,No Prior Injury,Moderate,7.63,54.1,41.6,1.07,85.4,1.11,1.24,1.07,0.96,2.9,Moderate
67,Female,29.5,4.5,43.2,No Prior Injury,Active,6.21,52.4,47.7,1.114,99.5,1.06,0.71,1.13,1.01,3.11,Moderate
57,Male,26.6,3.8,33.4,No Prior Injury,Sedentary,3.57,57.6,44.9,1.195,88.3,1.24,0.97,1.14,0.95,3.1,Moderate
65,Female,31.4,7.5,39.3,Fracture,Sedentary,11.96,42.3,29.5,1.43,91.6,1.21,0.75,1.22,0.63,5.85,High
69,Female,28.6,7.9,62.0,Meniscus Tear,Light,12.91,37.1,52.0,0.84,77.8,0.65,0.99,0.56,0.87,9.28,High
31,Male,25.2,2.0,2.7,No Prior Injury,Active,0.53,56.3,56.1,1.004,110.2,1.29,1.47,0.99,1.21,1.34,Low
64,Female,40.8,6.7,59.1,Repetitive Strain,Sedentary,8.35,47.4,30.1,1.367,79.5,1.12,0.77,0.9,0.58,4.5,High
72,Female,43.3,8.0,68.3,Meniscus Tear,Sedentary,9.08,27.2,44.4,0.703,80.7,0.43,1.17,0.56,0.94,6.52,High
59,Female,34.6,5.7,48.0,Meniscus Tear,Light,17.13,40.6,26.3,1.295,80.2,1.03,0.79,0.83,0.65,7.92,High
67,Female,34.9,5.3,51.4,ACL Tear,Light,10.82,38.0,52.0,0.71,80.2,0.63,1.24,0.7,0.84,5.15,High
48,Female,28.5,3.3,33.5,Meniscus Tear,Light,7.7,54.6,40.5,1.157,95.6,1.11,0.82,1.11,1.04,2.99,Moderate
24,Female,25.3,0.0,4.3,No Prior Injury,Moderate,0.18,56.6,56.6,0.99,100.1,1.26,1.36,1.16,1.28,2.47,Low
75,Female,38.1,4.8,75.8,Meniscus Tear,Light,8.75,27.9,44.1,0.765,94.9,0.71,1.09,0.5,0.84,8.79,High
58,Female,30.1,5.1,28.7,ACL Tear,Light,8.5,42.0,52.5,0.81,99.3,0.84,1.24,0.73,1.13,3.95,Moderate
29,Female,26.0,1.5,5.2,No Prior Injury,Sedentary,0.77,63.8,66.2,0.98,105.7,1.17,1.06,1.19,0.98,1.19,Low
36,Female,25.3,3.5,0.0,No Prior Injury,Moderate,0.95,63.4,62.8,0.996,132.0,1.22,1.29,1.09,1.17,1.68,Low
44,Female,21.6,1.2,7.6,No Prior Injury,Light,1.69,67.7,67.3,1.073,111.3,1.31,1.18,1.37,1.32,1.81,Low
65,Female,25.7,1.8,8.4,Meniscus Tear,Active,2.42,59.2,61.9,1.048,107.2,1.29,1.33,1.07,1.1,1.29,Low
40,Female,31.9,3.0,34.2,No Prior Injury,Sedentary,9.54,57.5,44.6,1.127,87.2,0.97,1.06,1.14,0.84,3.89,Moderate
45,Male,26.4,0.1,3.6,No Prior Injury,Sedentary,4.15,55.4,53.0,0.914,115.1,1.5,1.24,1.23,1.15,1.75,Low
56,Female,29.7,6.1,72.4,ACL Tear,Sedentary,16.39,37.6,48.1,0.605,76.9,0.9,1.0,0.42,1.16,7.56,High
37,Female,21.1,1.0,10.9,No Prior Injury,Moderate,0.87,68.0,67.2,0.982,107.8,1.14,1.2,0.96,1.07,1.64,Low
71,Female,28.9,8.9,48.6,ACL Tear,Light,13.69,40.8,32.6,1.239,75.2,0.87,0.84,1.09,0.6,10.36,High
52,Female,34.1,4.9,45.9,Meniscus Tear,Sedentary,6.24,40.6,54.3,0.915,95.0,0.95,1.2,0.98,1.06,5.18,Moderate
55,Male,23.7,1.8,16.1,Fracture,Light,6.97,49.5,39.4,1.161,101.0,1.28,0.96,0.99,0.84,5.7,Moderate
24,Female,20.9,2.0,10.0,No Prior Injury,Active,1.24,63.8,66.3,1.024,112.4,1.32,1.2,1.36,1.16,1.66,Low
40,Male,22.4,2.2,7.9,No Prior Injury,Moderate,0.1,59.5,58.7,0.962,122.7,1.34,1.18,1.19,1.19,2.12,Low
23,Female,19.7,1.9,2.6,No Prior Injury,Moderate,2.03,59.2,56.2,1.036,124.6,1.3,1.09,1.07,1.26,1.72,Low
50,Female,32.2,6.2,41.0,No Prior Injury,Light,7.08,45.1,55.1,0.842,113.1,1.01,1.09,0.91,1.19,4.25,Moderate
60,Female,22.8,4.7,35.6,Fracture,Light,10.42,57.0,52.9,1.107,92.7,1.25,0.76,1.11,0.71,3.43,Moderate
45,Male,23.3,0.6,0.2,No Prior Injury,Light,2.92,66.7,65.6,1.032,105.3,1.26,1.22,1.22,1.0,1.37,Low
52,Female,22.6,0.2,1.6,Meniscus Tear,Light,0.1,67.2,67.6,1.001,104.5,1.26,1.38,1.19,1.14,1.72,Low
57,Male,31.3,4.2,20.7,Meniscus Tear,Light,4.16,50.4,59.1,0.946,95.5,1.11,1.22,0.9,1.13,2.32,Moderate
67,Female,34.9,7.1,47.2,ACL Tear,Sedentary,14.69,25.3,42.9,0.703,84.7,0.84,1.32,0.57,0.98,10.95,High
20,Male,20.4,1.1,10.5,ACL Tear,Light,1.19,71.2,69.1,0.984,120.2,1.45,1.34,1.35,1.06,1.39,Low
56,Male,25.3,4.9,40.7,Repetitive Strain,Light,5.94,57.2,49.5,1.179,91.5,1.24,1.11,1.06,0.93,4.76,Moderate
33,Male,22.7,0.2,2.7,No Prior Injury,Sedentary,0.1,62.2,64.2,0.96,119.9,1.23,1.24,1.21,1.04,1.99,Low
32,Male,22.0,1.6,9.6,No Prior Injury,Light,0.5,64.4,65.7,0.964,97.8,1.2,1.16,1.14,1.08,2.17,Low
40,Male,25.7,1.3,3.9,No Prior Injury,Moderate,0.3,64.3,62.9,1.0,99.7,1.37,1.22,1.25,1.09,1.54,Low
73,Female,25.5,4.2,36.8,ACL Tear,Active,5.39,50.9,41.8,1.3,109.6,1.25,0.9,1.08,0.83,3.95,Moderate
40,Female,20.3,0.9,5.4,ACL Tear,Sedentary,3.13,53.0,50.4,0.958,117.5,1.22,1.33,1.26,1.08,2.2,Low
33,Male,24.7,0.0,13.7,No Prior Injury,Light,2.16,64.1,60.9,0.973,113.5,1.49,1.15,1.33,1.32,1.75,Low
34,Female,24.4,0.0,16.8,No Prior Injury,Active,1.81,72.0,70.7,0.964,107.5,1.19,1.31,1.17,1.02,1.58,Low
41,Female,21.2,2.2,6.7,No Prior Injury,Moderate,2.01,62.5,62.8,0.951,116.8,1.32,1.21,1.27,1.13,1.86,Low
63,Male,25.7,4.8,27.2,Meniscus Tear,Sedentary,7.46,56.9,47.8,1.194,93.1,1.19,0.86,1.11,0.81,5.87,Moderate
25,Female,21.8,0.0,7.6,No Prior Injury,Light,2.25,60.3,65.9,0.946,109.4,1.25,1.43,1.03,1.32,2.18,Low
38,Female,25.8,2.0,3.1,No Prior Injury,Active,0.8,60.2,60.3,0.961,109.8,1.37,1.16,1.17,1.08,1.67,Low
46,Male,26.0,4.1,34.0,Fracture,Light,6.09,52.6,39.1,1.292,94.8,1.27,0.94,1.11,0.94,3.02,Moderate
75,Female,33.0,9.4,43.6,Meniscus Tear,Light,17.47,35.2,47.8,0.645,64.2,0.57,1.2,0.59,0.97,9.73,High
46,Male,22.4,1.9,4.1,No Prior Injury,Moderate,0.88,55.4,56.0,1.004,122.6,1.28,1.18,1.19,1.1,1.45,Low
33,Female,24.7,1.7,17.2,No Prior Injury,Moderate,0.22,66.3,61.1,1.048,113.4,1.33,1.23,1.07,1.21,2.13,Low
50,Female,29.9,5.9,19.0,ACL Tear,Light,6.99,55.6,61.5,0.851,96.3,0.93,1.27,0.81,1.16,3.02,Moderate
55,Male,27.4,4.0,23.5,No Prior Injury,Sedentary,7.14,52.4,60.6,0.98,111.2,1.14,1.07,0.86,1.24,3.98,Moderate
48,Female,18.5,2.2,10.4,No Prior Injury,Light,2.86,63.9,63.5,0.944,116.7,1.23,1.25,1.08,1.3,2.32,Low
59,Female,29.0,5.3,33.6,Meniscus Tear,Moderate,8.39,54.7,43.8,1.195,106.6,1.13,1.06,1.0,0.87,3.68,Moderate
59,Female,28.9,7.6,38.7,Meniscus Tear,Light,10.32,28.9,48.0,0.661,75.7,0.64,0.81,0.58,0.87,6.25,High
50,Female,23.2,1.2,0.0,No Prior Injury,Light,0.67,58.9,59.7,0.945,114.5,1.39,1.27,1.22,1.24,2.42,Low
31,Male,27.5,0.6,16.0,Repetitive Strain,Moderate,3.82,62.8,60.6,1.033,110.2,1.42,1.17,1.09,1.28,1.58,Low
45,Female,25.8,1.5,8.8,No Prior Injury,Moderate,0.1,60.2,59.9,1.019,122.5,1.37,1.11,1.27,1.11,2.1,Low
49,Female,26.8,3.5,31.0,Meniscus Tear,Active,6.91,55.4,45.2,1.154,104.6,1.22,0.8,1.1,0.84,2.98,Moderate
70,Female,27.9,4.2,31.8,No Prior Injury,Active,8.17,47.6,59.0,0.854,82.1,0.9,1.26,0.81,1.24,3.01,Moderate
31,Male,20.3,1.4,12.6,No Prior Injury,Active,1.04,61.0,64.6,1.022,103.7,1.23,1.15,1.03,1.22,2.75,Low
37,Female,24.2,2.3,7.1,No Prior Injury,Very Active,0.37,65.4,68.9,0.939,125.0,1.21,1.22,0.98,1.1,1.28,Low
49,Female,32.9,6.1,25.3,Repetitive Strain,Moderate,10.07,55.3,38.0,1.146,108.7,1.16,0.92,1.15,0.84,4.22,Moderate
47,Female,26.0,4.5,33.0,No Prior Injury,Sedentary,5.79,45.9,53.6,0.71,101.1,0.93,1.1,1.02,1.07,5.92,Moderate
45,Male,23.7,1.1,2.8,Meniscus Tear,Moderate,1.06,66.2,67.2,0.9,128.7,1.24,1.35,1.06,1.2,1.27,Low
40,Male,25.3,1.0,9.4,No Prior Injury,Very Active,1.47,65.7,62.9,0.979,127.2,1.23,1.26,1.14,1.07,2.61,Low
57,Female,23.6,5.5,24.8,Meniscus Tear,Moderate,5.17,57.9,47.6,1.139,91.3,1.23,0.92,1.08,0.97,2.38,Moderate
40,Female,23.0,5.2,28.4,ACL Tear,Light,8.39,55.0,41.6,1.233,96.8,1.01,1.07,1.13,0.68,4.59,Moderate
58,Female,28.5,3.4,29.1,ACL Tear,Sedentary,5.89,54.1,45.1,1.171,101.8,1.19,0.86,1.21,0.73,3.44,Moderate
54,Male,25.8,3.9,38.2,No Prior Injury,Moderate,4.63,53.8,43.3,1.175,102.4,1.2,0.88,0.81,0.98,3.99,Moderate
37,Female,27.0,1.4,0.4,No Prior Injury,Moderate,4.5,57.7,54.8,1.02,99.5,1.13,1.38,1.12,1.27,1.76,Low
53,Male,23.6,1.6,3.2,No Prior Injury,Active,1.42,58.9,56.8,1.028,116.2,1.3,1.24,1.19,1.28,1.66,Low
57,Female,38.0,4.8,67.7,Repetitive Strain,Sedentary,17.45,47.4,36.2,1.292,80.0,1.09,0.64,0.98,0.55,7.9,High
53,Female,29.7,3.9,30.4,Meniscus Tear,Moderate,9.22,45.3,56.7,0.87,97.3,1.09,1.12,0.75,1.18,3.57,Moderate
47,Male,22.1,0.9,9.2,No Prior Injury,Moderate,0.96,62.1,61.0,0.926,95.6,1.19,1.35,1.22,1.22,1.31,Low
39,Male,22.2,2.2,4.3,No Prior Injury,Light,0.28,60.7,60.9,0.9,120.2,1.39,1.13,1.06,1.1,1.42,Low
22,Male,26.0,2.5,12.1,No Prior Injury,Moderate,0.75,59.4,57.9,1.024,107.6,1.23,1.24,1.06,1.21,1.54,Low
54,Female,23.8,5.3,29.1,No Prior Injury,Light,5.49,51.3,38.0,1.143,95.6,1.17,1.11,0.94,0.95,3.88,Moderate
46,Male,24.5,2.0,8.4,Meniscus Tear,Moderate,0.48,53.5,54.2,0.963,104.4,1.3,1.19,1.13,1.22,1.42,Low
71,Male,32.2,6.8,42.2,No Prior Injury,Sedentary,9.09,57.0,44.9,1.107,104.3,1.24,1.05,1.03,0.78,2.43,Moderate
54,Female,23.7,5.5,33.7,No Prior Injury,Sedentary,6.42,41.2,51.2,0.772,75.0,0.87,1.2,0.86,1.23,4.47,Moderate
68,Male,29.9,4.8,43.2,Repetitive Strain,Moderate,6.81,52.5,60.5,0.909,83.2,1.05,1.42,0.92,1.15,4.79,Moderate
61,Male,32.8,3.5,30.5,ACL Tear,Active,2.8,62.0,54.0,1.144,88.9,1.13,0.77,1.1,0.85,4.68,Moderate
34,Male,19.4,1.6,4.3,No Prior Injury,Sedentary,3.88,64.1,61.7,0.988,101.4,1.18,1.29,1.15,1.22,1.89,Low
20,Male,19.7,0.9,9.0,No Prior Injury,Light,0.74,56.3,56.8,1.042,104.4,1.51,1.29,1.17,1.06,2.15,Low
27,Female,22.7,2.2,11.1,No Prior Injury,Light,0.17,69.0,67.7,0.974,117.6,1.29,1.33,1.21,1.23,1.53,Low
51,Female,29.1,5.5,30.9,No Prior Injury,Moderate,6.26,50.6,54.5,0.836,100.0,1.08,1.05,0.64,1.04,4.85,Moderate
41,Male,29.1,1.8,12.9,No Prior Injury,Very Active,2.59,59.5,58.5,0.981,98.3,1.39,1.23,1.26,1.0,1.5,Low
76,Male,33.9,3.3,30.8,No Prior Injury,Active,5.94,47.7,55.5,0.837,102.8,0.8,1.16,1.05,1.07,4.04,Moderate
34,Female,24.3,0.0,5.2,No Prior Injury,Moderate,0.66,63.7,64.2,1.032,100.2,1.36,1.19,1.12,1.04,1.99,Low
77,Male,38.6,8.3,38.0,ACL Tear,Moderate,8.69,24.0,40.9,0.805,70.0,0.62,0.98,0.73,0.76,8.73,High
57,Male,28.0,1.8,31.2,No Prior Injury,Moderate,6.53,50.7,40.5,1.051,99.5,1.18,1.1,1.25,0.85,4.07,Moderate
43,Female,21.0,0.0,10.6,No Prior Injury,Sedentary,0.58,66.7,65.4,1.076,112.4,1.33,1.18,1.18,1.17,0.86,Low
35,Male,20.5,2.0,0.0,No Prior Injury,Sedentary,0.94,62.9,60.3,1.045,117.7,1.32,1.28,1.15,1.2,2.1,Low
40,Female,18.5,2.7,4.0,No Prior Injury,Light,1.17,64.4,63.9,1.01,115.8,1.32,1.36,1.19,1.02,1.56,Low
60,Female,32.7,3.2,37.5,No Prior Injury,Active,5.86,51.3,44.0,1.086,102.7,1.27,0.73,1.22,0.85,5.69,Moderate
40,Male,22.9,2.8,7.0,No Prior Injury,Moderate,0.84,62.0,59.3,1.015,113.1,1.04,1.32,1.17,1.19,3.2,Low
20,Female,30.0,2.4,6.3,No Prior Injury,Moderate,4.5,61.0,60.9,1.045,116.7,0.96,1.31,1.17,1.14,1.61,Low
61,Female,30.7,4.0,27.8,ACL Tear,Light,8.93,42.5,50.8,0.819,97.2,1.03,1.23,0.94,1.0,3.95,Moderate
38,Female,29.1,3.1,40.8,No Prior Injury,Light,7.5,57.1,47.0,1.183,90.4,1.15,1.08,1.07,1.02,3.7,Moderate
61,Female,36.3,6.0,57.3,ACL Tear,Sedentary,18.99,37.6,24.0,1.283,79.5,1.1,0.71,1.06,0.35,10.87,High
75,Male,29.9,7.4,53.9,Fracture,Light,8.03,48.1,31.9,1.393,87.7,1.08,0.93,0.88,0.7,6.89,High
29,Male,19.3,0.0,12.4,ACL Tear,Moderate,0.55,53.1,51.1,1.007,122.5,1.16,1.35,1.11,1.3,1.62,Low
26,Female,20.7,1.0,9.4,No Prior Injury,Active,1.71,61.0,58.8,1.021,116.6,1.24,1.35,1.12,1.19,1.29,Low
71,Male,25.9,7.3,67.1,ACL Tear,Light,12.55,50.7,32.9,1.356,80.1,1.07,0.8,0.99,0.44,10.97,High
68,Female,35.9,7.5,53.1,Meniscus Tear,Sedentary,10.98,45.8,33.7,1.494,74.0,1.08,0.84,1.16,0.64,6.68,High
51,Female,25.0,4.4,20.7,No Prior Injury,Moderate,8.54,44.1,57.1,0.83,106.9,0.91,1.1,0.81,1.05,3.72,Moderate
67,Male,32.4,7.9,72.8,Fracture,Active,14.9,31.5,47.3,0.818,73.0,0.71,1.07,0.53,1.02,5.96,High
28,Female,23.9,0.8,5.5,No Prior Injury,Active,1.45,63.3,61.0,1.034,94.3,1.49,1.39,1.12,0.96,1.94,Low
62,Female,30.9,5.5,52.1,ACL Tear,Sedentary,16.95,30.1,46.5,0.643,64.9,0.79,1.27,0.76,1.07,8.81,High
38,Male,19.6,0.8,3.0,No Prior Injury,Sedentary,0.22,63.0,62.1,1.019,112.5,1.05,1.15,1.14,1.03,2.1,Low
58,Female,21.7,5.3,18.9,ACL Tear,Light,4.12,52.2,41.9,1.209,85.0,1.19,1.0,1.04,0.79,3.71,Moderate
68,Female,30.0,6.8,62.0,Meniscus Tear,Sedentary,12.77,52.0,36.2,1.267,68.3,1.12,0.67,1.07,0.61,8.56,High
20,Male,22.9,1.9,5.5,No Prior Injury,Very Active,0.4,62.5,60.8,1.044,114.4,1.29,1.16,1.11,1.12,1.03,Low
25,Female,26.3,1.6,16.3,No Prior Injury,Moderate,0.43,66.0,67.7,1.031,104.6,1.24,0.95,1.06,1.12,1.18,Low
42,Male,20.5,0.4,14.1,No Prior Injury,Sedentary,0.79,59.2,58.9,1.048,97.8,1.36,1.49,1.11,1.31,1.67,Low
40,Female,25.0,1.3,2.8,No Prior Injury,Moderate,1.97,58.9,59.5,0.984,116.3,1.28,1.14,1.2,1.22,1.89,Low
52,Female,32.1,4.0,20.8,No Prior Injury,Sedentary,5.96,46.4,52.3,0.795,94.7,1.03,1.28,0.78,1.05,4.81,Moderate
44,Female,26.8,0.0,4.1,Repetitive Strain,Moderate,1.98,58.8,56.7,0.962,100.5,1.2,1.23,1.17,1.23,2.06,Low
52,Male,28.1,3.1,31.4,No Prior Injury,Light,5.16,57.9,48.0,1.108,106.3,1.06,0.9,1.18,0.89,5.06,Moderate
29,Female,25.8,0.0,10.1,No Prior Injury,Moderate,2.66,55.0,56.4,1.034,106.6,0.96,1.29,1.04,0.96,0.8,Low
58,Male,37.4,8.6,52.2,Fracture,Moderate,10.81,34.1,47.8,0.722,79.3,0.75,1.09,0.54,0.89,8.92,High
27,Female,24.1,0.7,15.1,ACL Tear,Moderate,3.44,58.7,56.7,0.975,113.5,1.28,1.12,1.24,1.19,1.45,Low
20,Male,25.4,2.3,0.6,No Prior Injury,Light,0.95,61.8,64.1,1.01,119.1,1.43,1.1,1.15,1.12,2.02,Low
65,Male,33.3,6.3,51.8,No Prior Injury,Sedentary,16.18,47.9,36.6,1.325,91.8,1.01,0.68,0.94,0.57,6.99,High
40,Female,27.4,5.6,29.9,No Prior Injury,Light,5.51,38.0,55.3,0.98,92.4,0.99,1.09,0.8,1.01,5.11,Moderate
50,Male,31.8,4.9,34.2,No Prior Injury,Moderate,6.57,40.8,52.1,0.894,82.2,0.88,1.02,0.98,1.18,6.05,Moderate
45,Female,25.1,1.9,8.3,No Prior Injury,Active,0.54,54.0,57.5,0.994,113.1,1.32,1.3,1.17,1.25,1.04,Low
51,Male,26.7,5.7,36.2,No Prior Injury,Sedentary,6.4,44.6,51.9,0.892,89.3,0.96,0.99,0.78,1.27,4.62,Moderate
68,Female,36.6,5.7,90.7,No Prior Injury,Light,11.64,27.9,48.2,0.791,98.0,0.53,1.12,0.69,0.95,8.42,High
62,Male,30.5,7.8,76.9,Repetitive Strain,Sedentary,14.57,30.6,44.3,0.505,68.0,0.89,1.11,0.56,1.11,6.35,High
63,Male,23.5,3.3,30.0,No Prior Injury,Sedentary,6.52,57.7,48.4,1.3,99.2,1.22,0.93,1.24,0.89,3.99,Moderate
65,Male,35.4,9.1,54.0,ACL Tear,Light,13.37,34.8,49.7,0.766,91.3,0.84,0.84,0.58,1.14,7.79,High
42,Male,18.5,0.4,0.0,No Prior Injury,Active,0.8,62.0,63.6,0.987,98.0,1.18,1.22,1.14,1.01,2.38,Low
55,Female,29.4,7.6,60.8,Meniscus Tear,Light,11.17,47.8,35.9,1.334,83.3,1.08,0.63,0.98,0.45,12.35,High
46,Female,30.7,4.2,24.6,Meniscus Tear,Light,4.65,41.6,54.1,0.801,95.0,1.02,1.06,0.96,0.94,3.65,Moderate
40,Male,19.8,1.1,10.3,No Prior Injury,Sedentary,0.1,63.2,61.2,0.947,115.9,1.1,1.35,1.11,1.13,2.46,Low
35,Male,20.4,0.4,12.4,ACL Tear,Active,0.33,59.3,61.2,0.969,121.4,1.4,1.16,1.02,1.17,1.53,Low
39,Female,22.9,0.0,8.5,No Prior Injury,Sedentary,3.69,61.3,63.4,0.932,120.2,1.3,1.27,1.24,1.29,2.31,Low
29,Male,25.6,0.9,0.0,No Prior Injury,Moderate,1.27,63.0,62.4,1.052,111.4,1.23,1.3,1.16,1.1,2.06,Low
31,Male,24.1,0.0,14.1,No Prior Injury,Moderate,0.44,59.2,55.1,1.056,117.4,1.1,1.09,1.3,1.07,1.38,Low
54,Male,34.0,4.4,28.4,No Prior Injury,Sedentary,2.8,50.5,55.1,0.826,102.0,0.8,1.01,0.78,1.01,4.42,Moderate
70,Male,27.5,7.5,64.4,Repetitive Strain,Sedentary,12.18,44.7,29.4,1.483,83.3,1.18,0.68,1.13,0.56,9.01,High
36,Male,20.6,1.3,13.5,No Prior Injury,Very Active,0.18,59.7,60.4,1.008,117.7,1.21,1.29,1.13,1.21,2.11,Low
22,Female,26.2,1.3,4.9,No Prior Injury,Light,0.73,52.3,53.1,0.961,110.9,1.26,1.22,1.09,1.16,2.02,Low
69,Female,34.0,8.9,69.2,ACL Tear,Active,10.27,24.7,43.9,0.562,88.5,0.75,1.25,0.61,0.94,7.51,High
45,Male,26.2,5.2,20.3,No Prior Injury,Light,7.89,51.9,41.3,1.234,76.0,1.15,0.86,1.15,0.68,4.05,Moderate
35,Male,23.4,4.1,33.2,No Prior Injury,Sedentary,4.59,53.6,44.2,1.156,101.9,1.37,0.91,0.87,1.12,2.59,Moderate
27,Female,24.6,0.0,3.4,No Prior Injury,Light,1.34,65.9,68.2,1.02,102.2,1.39,1.4,1.23,1.07,1.65,Low
37,Male,24.4,1.1,12.9,No Prior Injury,Very Active,0.1,62.3,61.8,0.977,108.2,1.29,1.47,1.09,1.1,1.77,Low
40,Male,31.9,3.5,31.6,Meniscus Tear,Light,8.82,49.0,38.0,1.228,95.4,1.22,0.81,1.05,0.98,4.72,Moderate
31,Male,22.9,1.5,20.5,No Prior Injury,Sedentary,0.5,61.8,58.7,1.014,108.9,1.17,1.5,1.19,1.2,2.37,Low
59,Female,28.6,5.0,30.4,ACL Tear,Sedentary,7.04,43.3,59.8,0.901,81.5,0.88,1.06,0.82,0.93,5.47,Moderate
20,Male,28.1,1.0,1.8,No Prior Injury,Sedentary,2.78,61.2,57.9,1.018,128.2,1.11,1.26,1.09,1.18,1.81,Low
49,Male,22.3,1.4,10.1,No Prior Injury,Very Active,0.48,65.4,67.8,0.976,110.9,1.26,1.09,1.08,1.26,2.24,Low
56,Female,28.0,3.0,31.1,No Prior Injury,Light,7.89,49.2,43.1,1.061,101.8,1.04,0.9,0.93,0.69,2.93,Moderate
51,Male,25.3,4.5,34.5,No Prior Injury,Moderate,5.78,38.0,49.8,0.897,86.7,0.87,1.22,1.02,1.01,6.65,Moderate
62,Male,25.8,2.2,4.8,No Prior Injury,Moderate,1.08,59.4,58.2,0.959,106.9,1.06,1.23,1.35,1.21,2.9,Low
74,Female,32.3,6.5,47.3,ACL Tear,Moderate,15.86,47.0,32.6,1.444,80.1,1.1,0.75,0.92,0.57,7.48,High
36,Female,22.9,0.7,8.6,No Prior Injury,Moderate,0.69,65.5,65.5,0.995,123.3,1.2,1.34,1.15,1.09,2.1,Low
42,Male,25.4,1.4,3.7,No Prior Injury,Moderate,2.1,64.8,64.7,1.033,119.4,1.34,1.11,1.11,1.21,1.82,Low
38,Male,20.3,1.5,8.7,No Prior Injury,Moderate,1.21,68.7,66.2,0.9,109.1,1.24,1.14,1.1,1.28,2.13,Low
29,Male,22.3,0.6,11.8,No Prior Injury,Active,1.36,50.9,53.0,0.992,115.0,1.19,1.25,1.14,1.25,1.93,Low
75,Male,35.6,9.1,81.4,ACL Tear,Light,16.51,52.0,34.7,1.305,65.8,1.19,0.59,1.04,0.84,8.05,High
74,Female,31.4,4.3,47.1,ACL Tear,Moderate,6.22,41.8,50.7,0.767,104.8,1.0,1.04,0.9,0.98,3.24,Moderate
57,Male,24.6,5.6,34.8,No Prior Injury,Moderate,6.56,42.2,59.3,0.87,96.3,0.93,1.07,1.01,1.3,4.37,Moderate
39,Female,21.4,1.3,16.5,No Prior Injury,Moderate,0.1,61.7,62.2,1.011,109.3,1.25,1.24,1.08,1.19,2.03,Low
73,Male,26.4,3.5,36.1,No Prior Injury,Moderate,9.96,46.0,54.1,0.906,95.1,0.94,1.27,1.02,0.96,5.64,Moderate
57,Female,28.7,7.6,44.3,Meniscus Tear,Sedentary,15.01,24.0,45.2,0.48,88.2,0.52,0.99,0.88,1.03,5.96,High
44,Male,25.1,0.4,4.6,No Prior Injury,Very Active,1.89,64.5,61.4,0.924,107.5,1.43,1.44,1.31,1.12,0.91,Low
69,Female,26.6,4.3,34.3,Repetitive Strain,Sedentary,5.54,62.0,51.9,1.206,91.6,1.31,0.8,0.94,0.87,4.1,Moderate
63,Female,25.4,7.9,61.9,No Prior Injury,Sedentary,11.73,42.3,32.5,1.187,94.0,1.17,0.66,1.0,0.72,11.02,High
52,Female,35.6,9.3,72.2,ACL Tear,Light,8.01,43.2,50.1,0.674,95.6,0.49,1.06,0.63,1.01,7.92,High
66,Male,26.1,4.9,32.5,Repetitive Strain,Light,7.4,52.2,41.7,1.177,101.3,1.08,0.91,1.03,0.74,3.83,Moderate
43,Female,18.5,1.4,2.7,No Prior Injury,Light,1.47,59.0,61.5,0.967,119.3,1.2,1.23,1.09,1.3,1.64,Low
51,Female,35.4,4.2,41.8,Repetitive Strain,Sedentary,6.38,50.4,61.1,0.78,92.2,1.06,1.2,0.73,1.12,3.48,Moderate
40,Female,23.8,2.7,8.4,No Prior Injury,Moderate,0.18,60.7,63.8,1.093,111.9,1.3,1.25,1.09,0.98,1.45,Low
48,Female,33.0,3.3,24.6,Meniscus Tear,Light,8.9,41.4,55.5,0.98,96.9,0.9,1.14,1.0,1.15,4.4,Moderate
42,Male,21.3,0.2,6.6,No Prior Injury,Light,0.97,60.2,59.2,1.0,119.0,1.3,1.38,1.11,1.1,1.15,Low
54,Female,23.2,4.6,46.7,No Prior Injury,Light,4.42,58.1,46.5,1.04,112.3,1.13,0.92,1.15,0.96,5.34,Moderate
56,Female,25.2,0.0,2.2,No Prior Injury,Light,1.99,62.4,59.7,0.925,111.5,1.24,1.36,1.15,1.1,2.32,Low
35,Female,18.5,3.3,5.9,Meniscus Tear,Moderate,4.5,66.9,69.3,1.003,118.5,1.17,1.07,1.16,1.17,2.54,Low
31,Female,28.4,0.5,4.5,No Prior Injury,Moderate,2.82,62.1,62.8,1.026,106.8,1.2,1.25,1.18,1.05,2.16,Low
58,Male,24.8,2.4,45.0,No Prior Injury,Light,3.72,59.8,49.5,1.046,101.7,1.1,0.76,0.93,0.87,3.82,Moderate
59,Female,35.1,5.5,20.3,No Prior Injury,Light,7.04,42.5,55.0,0.864,92.7,0.94,1.08,1.0,0.82,3.28,Moderate
22,Male,28.0,0.9,4.9,No Prior Injury,Light,4.5,63.9,69.6,1.014,102.3,1.14,1.41,1.06,1.04,2.37,Low
43,Female,20.0,1.2,6.6,No Prior Injury,Very Active,1.06,59.2,54.6,0.995,97.2,1.3,1.13,1.16,1.09,1.26,Low
49,Male,19.8,0.0,13.7,No Prior Injury,Moderate,0.3,62.4,60.7,0.937,121.1,1.17,1.23,1.19,1.16,2.35,Low
63,Female,21.5,4.3,14.0,ACL Tear,Sedentary,6.61,52.6,58.1,0.859,84.4,1.15,1.22,1.02,1.15,3.64,Moderate
43,Male,22.4,0.0,9.2,No Prior Injury,Light,0.74,58.6,56.1,1.014,111.6,1.3,1.25,1.03,1.23,1.55,Low
50,Male,29.0,5.8,38.5,No Prior Injury,Light,7.94,52.8,60.2,0.793,85.1,1.07,1.05,0.72,1.12,3.01,Moderate
49,Female,26.5,3.2,31.8,No Prior Injury,Light,7.1,42.3,53.6,0.879,90.8,1.04,1.42,0.83,1.16,3.69,Moderate
58,Male,32.6,8.0,38.0,ACL Tear,Sedentary,13.95,27.5,47.0,0.706,88.9,0.46,1.0,0.67,0.91,10.68,High
46,Male,27.0,0.3,6.3,No Prior Injury,Active,2.93,63.0,62.9,1.051,122.4,1.3,1.32,1.2,1.1,2.18,Low
20,Male,27.8,1.9,2.5,Repetitive Strain,Light,1.36,52.8,57.1,0.978,132.0,1.15,1.15,1.1,1.16,1.56,Low
63,Female,33.6,6.8,61.5,Meniscus Tear,Sedentary,11.73,36.7,48.9,0.649,73.0,0.69,1.03,0.63,1.1,7.61,High
23,Male,24.2,0.1,3.5,Repetitive Strain,Light,2.32,59.1,57.6,0.98,112.3,1.51,1.36,1.25,1.18,1.88,Low
73,Female,31.1,9.1,57.6,Meniscus Tear,Sedentary,10.47,45.0,30.6,1.392,74.0,1.07,0.6,1.11,0.7,9.72,High
46,Male,23.9,0.4,5.8,No Prior Injury,Moderate,1.36,66.3,67.4,0.984,115.9,1.31,1.26,1.14,1.18,0.8,Low
76,Female,28.0,7.1,58.7,Repetitive Strain,Sedentary,17.72,41.3,27.6,1.392,55.0,1.11,0.69,1.16,0.52,8.56,High
45,Male,31.4,4.5,36.3,Meniscus Tear,Light,4.98,48.7,38.0,1.189,99.9,1.22,0.9,0.85,0.81,2.82,Moderate
42,Female,33.9,4.2,43.4,Repetitive Strain,Light,2.8,56.4,49.0,1.17,94.6,1.08,0.99,1.18,0.95,2.88,Moderate
46,Male,24.5,2.6,9.9,No Prior Injury,Very Active,0.85,59.8,62.9,1.02,130.4,1.15,1.32,1.03,1.15,2.29,Low
46,Male,21.0,2.1,0.0,Repetitive Strain,Moderate,3.8,59.9,59.6,0.946,106.3,1.3,1.27,1.17,1.05,1.71,Low
52,Male,23.4,2.7,9.0,No Prior Injury,Moderate,3.39,61.5,62.1,1.024,120.3,1.15,1.22,1.07,1.11,2.31,Low
24,Male,25.2,0.7,4.9,No Prior Injury,Light,0.5,60.9,62.6,0.998,110.1,1.16,1.18,1.22,1.19,1.31,Low
56,Male,20.3,2.1,7.0,No Prior Injury,Light,0.1,59.2,56.9,1.045,114.7,1.3,1.3,1.19,1.2,2.46,Low
62,Female,38.8,8.0,76.3,ACL Tear,Sedentary,10.73,44.4,27.1,1.533,79.4,0.95,0.87,0.81,0.86,4.83,High
67,Female,36.5,7.7,69.3,Meniscus Tear,Light,13.2,24.0,40.8,0.793,78.3,0.65,1.06,0.58,0.65,8.08,High
74,Male,28.1,5.4,34.5,No Prior Injury,Moderate,5.38,48.9,58.2,0.918,86.3,1.06,1.07,0.81,1.01,3.62,Moderate
48,Male,25.8,0.4,15.5,No Prior Injury,Moderate,4.5,57.6,61.1,1.079,115.7,1.31,1.3,1.19,1.22,2.0,Low
64,Female,27.8,5.3,29.1,Meniscus Tear,Moderate,7.43,50.5,38.0,1.121,101.9,1.4,0.87,0.93,0.86,4.43,Moderate
66,Female,28.8,4.0,35.3,ACL Tear,Light,6.44,52.2,42.3,1.1,83.8,1.14,0.93,1.13,0.85,4.19,Moderate
56,Female,30.0,5.4,28.5,No Prior Injury,Very Active,5.38,44.3,55.5,0.834,92.2,1.02,1.15,0.73,1.23,4.11,Moderate
39,Female,26.8,3.3,46.5,No Prior Injury,Sedentary,6.52,51.9,46.1,1.163,85.4,1.29,0.9,1.08,0.91,2.52,Moderate
57,Female,26.7,8.5,48.8,Meniscus Tear,Sedentary,12.85,43.4,36.0,1.157,95.1,1.1,0.65,1.09,0.68,6.87,High
76,Female,26.7,8.5,69.1,Meniscus Tear,Light,15.7,45.8,29.3,1.355,79.7,1.14,0.72,0.92,0.56,7.04,High
64,Male,34.7,8.6,80.9,No Prior Injury,Sedentary,17.28,42.1,24.0,1.591,75.9,1.1,0.53,0.85,0.88,8.56,High
79,Female,28.3,9.3,66.1,No Prior Injury,Light,15.93,45.8,36.1,1.163,61.4,1.11,0.52,0.98,0.5,6.71,High
52,Male,20.8,0.2,10.3,No Prior Injury,Light,3.99,68.0,69.0,0.931,117.4,1.25,1.33,1.23,1.15,1.5,Low
50,Female,31.4,5.2,40.1,Meniscus Tear,Active,7.48,45.0,54.5,0.848,91.6,0.86,1.09,0.9,1.11,4.96,Moderate
50,Female,34.7,5.6,44.5,Repetitive Strain,Active,5.2,39.8,51.3,0.944,90.5,0.98,1.07,0.74,0.93,3.86,Moderate
34,Male,20.7,2.0,14.3,No Prior Injury,Moderate,2.76,63.6,62.3,1.013,102.6,1.37,1.19,1.17,1.17,1.67,Low
33,Male,18.5,2.1,4.4,No Prior Injury,Moderate,3.74,66.8,65.5,0.981,114.5,1.31,1.38,1.26,1.09,1.75,Low
34,Male,20.0,2.6,5.3,No Prior Injury,Very Active,0.52,66.9,70.6,1.08,111.0,1.19,1.31,1.12,1.04,2.44,Low
64,Female,25.0,6.7,67.2,Fracture,Light,18.17,30.1,43.1,0.645,67.1,0.73,1.06,0.62,1.13,11.06,High
55,Female,28.8,3.5,26.2,ACL Tear,Moderate,11.5,41.1,51.5,0.778,84.2,0.77,1.16,0.85,1.19,5.72,Moderate
63,Male,30.8,3.8,24.8,No Prior Injury,Sedentary,6.27,52.3,51.0,1.151,107.7,1.08,1.04,1.15,0.94,3.87,Moderate
31,Female,25.0,0.2,4.3,No Prior Injury,Very Active,1.87,64.5,60.5,0.997,99.4,1.29,1.13,1.12,1.11,1.94,Low
38,Male,28.5,2.7,23.4,ACL Tear,Moderate,9.59,59.9,50.4,1.13,96.9,1.25,0.74,1.09,0.85,4.59,Moderate
34,Male,25.0,0.3,13.7,No Prior Injury,Light,4.5,67.0,67.9,0.988,121.2,0.97,1.24,1.14,1.1,2.66,Low
72,Male,24.5,6.8,57.1,ACL Tear,Light,16.0,37.2,48.7,0.639,67.5,0.52,1.14,0.59,0.81,11.25,High
32,Female,23.5,2.5,14.3,No Prior Injury,Active,0.9,69.6,63.7,1.063,118.4,1.45,1.36,1.29,1.22,2.47,Low
52,Male,31.8,3.7,34.4,No Prior Injury,Sedentary,8.99,56.2,47.9,1.166,98.5,1.28,1.1,0.93,1.03,5.21,Moderate
57,Male,31.4,3.0,34.2,No Prior Injury,Sedentary,6.43,38.0,52.2,0.869,99.5,1.07,1.15,0.82,0.99,3.34,Moderate
33,Female,22.6,0.9,5.5,ACL Tear,Moderate,4.5,58.1,58.1,0.993,112.3,1.26,1.2,1.26,1.03,1.44,Low
52,Male,24.1,1.2,9.7,No Prior Injury,Light,0.29,64.1,64.1,1.053,106.4,1.44,1.17,1.16,1.11,1.86,Low
56,Female,34.3,4.6,30.4,No Prior Injury,Moderate,6.67,54.2,42.2,1.202,110.0,1.17,1.06,0.99,0.91,3.11,Moderate
40,Female,24.3,6.8,39.9,ACL Tear,Light,6.68,56.0,60.9,0.98,94.3,0.89,1.12,0.93,1.02,3.29,Moderate
58,Female,35.7,4.0,40.4,Meniscus Tear,Sedentary,10.36,42.1,55.0,0.878,91.2,0.91,1.15,0.83,1.3,2.55,Moderate
43,Male,22.8,2.1,7.8,No Prior Injury,Moderate,0.43,65.1,66.8,1.1,111.2,1.29,1.17,1.17,1.18,1.9,Low
54,Female,21.6,0.9,11.8,Repetitive Strain,Sedentary,0.1,60.9,62.5,0.979,101.3,1.31,1.32,1.15,1.09,2.3,Low
36,Male,24.6,2.5,52.0,Meniscus Tear,Light,4.71,56.1,48.3,1.093,89.0,0.93,0.99,1.07,0.93,4.6,Moderate
68,Male,29.4,8.6,43.2,No Prior Injury,Sedentary,18.06,52.0,38.4,1.294,83.5,1.08,0.89,0.99,0.56,4.85,High
50,Male,28.2,3.4,21.2,No Prior Injury,Active,8.59,43.6,50.2,0.855,96.9,0.97,1.18,0.96,1.13,4.05,Moderate
27,Male,22.1,0.0,4.5,No Prior Injury,Very Active,0.77,58.3,59.9,1.045,102.6,1.23,1.07,1.11,1.14,1.37,Low
20,Female,27.1,1.2,8.2,No Prior Injury,Active,1.29,64.3,62.5,1.052,114.6,1.27,1.11,1.18,1.07,1.48,Low
76,Male,35.1,3.9,14.0,Meniscus Tear,Sedentary,8.14,56.1,47.5,1.172,99.5,1.23,0.92,1.03,0.88,3.84,Moderate
37,Female,23.8,4.1,31.0,No Prior Injury,Light,4.71,47.0,59.9,0.883,87.8,1.13,1.29,0.88,1.12,2.9,Moderate
43,Male,20.8,0.6,2.9,No Prior Injury,Sedentary,0.24,66.5,66.7,1.049,129.6,1.21,1.25,1.11,1.14,2.57,Low
22,Female,25.8,1.6,10.4,No Prior Injury,Moderate,0.17,60.2,64.2,1.035,110.2,1.25,1.26,0.97,1.12,1.46,Low
43,Male,28.9,2.8,0.0,No Prior Injury,Sedentary,3.2,62.2,62.6,1.015,120.3,1.05,1.2,1.17,1.06,2.67,Low
87,Male,38.5,7.9,59.1,ACL Tear,Sedentary,7.5,40.6,25.0,1.463,83.5,0.94,0.59,1.01,0.69,5.77,High
66,Male,32.8,3.9,30.9,Meniscus Tear,Active,5.11,41.4,55.1,0.821,92.6,0.91,1.0,0.92,1.07,3.33,Moderate
64,Female,30.0,8.0,68.1,Fracture,Light,13.59,31.9,47.9,0.71,75.3,0.71,1.03,0.65,0.97,8.51,High
68,Female,28.6,7.9,45.3,ACL Tear,Sedentary,10.92,31.1,47.5,0.607,85.0,0.71,1.05,0.57,0.87,4.63,High
65,Female,29.5,7.6,47.4,Meniscus Tear,Sedentary,14.16,47.3,25.2,1.233,85.0,1.09,0.5,1.06,0.5,6.42,High
38,Female,26.4,0.9,9.3,No Prior Injury,Active,0.57,60.0,61.0,1.003,119.3,1.23,1.12,1.16,1.15,1.89,Low
65,Female,29.8,7.0,56.9,ACL Tear,Sedentary,9.41,41.3,24.0,1.358,72.6,1.0,0.56,1.09,0.51,9.16,High
65,Male,23.2,5.5,35.1,No Prior Injury,Active,8.55,49.8,58.9,0.798,95.4,0.92,1.07,0.96,0.94,4.31,Moderate
64,Female,30.8,8.4,61.6,ACL Tear,Sedentary,17.12,50.2,37.7,1.164,75.3,0.87,0.72,0.98,0.53,9.18,High
71,Male,32.3,6.5,75.0,ACL Tear,Sedentary,8.96,36.7,51.7,0.754,71.6,0.73,1.16,0.46,0.96,8.35,High
38,Male,24.7,4.1,31.5,No Prior Injury,Sedentary,5.78,54.0,59.6,0.91,100.7,0.99,1.4,0.86,1.04,5.62,Moderate
43,Male,21.9,1.1,3.9,No Prior Injury,Moderate,0.49,55.2,51.0,1.001,95.4,1.22,1.4,1.18,1.06,1.78,Low
49,Male,22.6,0.7,2.5,No Prior Injury,Active,1.31,67.0,66.4,0.939,114.5,1.14,1.16,1.04,1.1,1.79,Low
42,Male,23.7,1.0,5.5,No Prior Injury,Light,1.61,54.9,54.7,0.946,106.3,1.45,1.19,1.17,1.18,1.87,Low
68,Female,33.3,7.3,54.2,No Prior Injury,Light,15.03,29.3,48.3,0.7,77.7,0.55,1.03,0.58,0.65,5.75,High
39,Male,20.6,0.0,7.8,No Prior Injury,Active,0.97,54.1,58.7,0.992,106.6,1.35,1.18,1.31,1.2,1.56,Low
76,Female,33.7,6.1,63.9,No Prior Injury,Sedentary,11.86,24.0,36.1,0.644,69.6,0.56,1.09,0.51,0.92,7.39,High
43,Male,21.2,0.3,8.1,Meniscus Tear,Moderate,3.58,60.2,60.3,1.036,116.7,1.23,1.32,1.19,1.1,1.74,Low
45,Female,22.7,5.0,32.6,No Prior Injury,Moderate,2.8,57.5,45.3,1.159,118.0,1.1,0.95,0.96,0.8,4.86,Moderate
25,Female,21.7,3.1,5.7,No Prior Injury,Moderate,0.1,64.2,63.5,0.996,111.3,1.21,1.21,1.29,1.19,1.65,Low
57,Female,37.7,6.9,59.5,Meniscus Tear,Light,11.87,46.7,29.0,1.43,82.0,1.03,0.76,1.09,0.64,7.83,High
45,Female,26.3,3.1,35.1,Repetitive Strain,Light,3.78,43.6,54.6,0.853,98.0,0.94,1.19,0.81,0.94,4.03,Moderate
63,Female,30.6,5.1,23.0,No Prior Injury,Light,7.47,47.7,57.1,0.85,93.0,1.13,1.04,0.81,0.93,4.99,Moderate
40,Female,29.6,5.4,23.8,ACL Tear,Sedentary,5.08,51.6,43.7,1.188,103.7,1.22,1.04,1.21,0.78,5.85,Moderate
55,Female,32.6,8.3,74.4,Repetitive Strain,Sedentary,20.09,33.4,43.2,0.582,81.2,0.66,1.0,0.72,0.98,8.15,High
71,Female,28.4,4.4,27.1,No Prior Injury,Sedentary,4.54,51.8,40.7,1.147,80.9,1.1,1.06,1.22,0.91,4.95,Moderate
57,Female,30.2,5.1,35.1,ACL Tear,Moderate,5.44,54.6,41.7,1.02,81.0,1.06,0.77,1.1,0.87,3.55,Moderate
53,Male,27.3,1.7,10.8,No Prior Injury,Active,0.36,58.4,60.4,0.9,98.0,1.23,1.25,1.12,1.0,1.39,Low
41,Female,20.5,2.3,9.5,No Prior Injury,Active,0.79,58.3,60.6,0.981,105.3,1.14,1.52,1.13,0.97,2.55,Low
66,Female,35.1,6.1,82.8,Meniscus Tear,Sedentary,13.82,24.0,38.2,0.703,92.8,0.7,1.35,0.65,0.92,6.5,High
54,Male,35.4,3.7,30.1,No Prior Injury,Sedentary,7.13,61.3,49.2,1.02,118.0,1.27,0.93,1.21,0.89,4.25,Moderate
51,Female,24.1,1.7,14.5,No Prior Injury,Sedentary,4.5,57.2,55.9,1.038,125.5,1.42,1.36,1.13,1.11,0.96,Low
25,Male,18.9,0.8,16.6,ACL Tear,Very Active,0.61,58.7,57.9,0.947,114.7,1.22,1.22,1.04,1.28,2.24,Low
69,Female,31.7,7.7,45.3,Repetitive Strain,Sedentary,8.51,52.0,40.6,1.308,75.1,1.11,0.82,1.14,0.66,8.47,High
63,Female,27.7,3.4,26.8,No Prior Injury,Light,5.07,52.3,46.9,1.144,110.4,0.97,1.08,1.04,0.86,4.32,Moderate
73,Female,29.4,4.5,30.1,No Prior Injury,Active,8.75,43.8,54.2,0.817,92.7,0.79,1.06,0.85,1.07,4.08,Moderate
20,Male,27.5,2.4,18.4,No Prior Injury,Moderate,0.29,64.7,63.3,0.98,104.4,1.22,1.14,1.15,1.09,1.05,Low
29,Female,19.6,2.1,0.0,No Prior Injury,Active,0.69,68.5,67.7,0.991,102.5,1.44,1.16,1.21,1.24,1.52,Low
81,Female,28.7,4.8,52.9,Meniscus Tear,Sedentary,16.14,40.9,24.0,1.368,77.2,1.2,0.85,0.94,0.55,6.63,High
37,Female,25.8,1.1,7.9,No Prior Injury,Moderate,1.76,65.4,68.6,1.042,118.9,1.25,0.95,1.09,1.08,1.31,Low
38,Male,24.8,1.1,12.9,No Prior Injury,Very Active,2.84,64.0,61.3,1.021,114.3,1.25,1.33,1.09,1.09,1.79,Low
75,Male,35.1,5.5,40.2,No Prior Injury,Light,2.8,38.0,49.5,0.836,97.3,1.07,1.23,0.93,1.16,3.43,Moderate
56,Female,26.7,4.2,29.7,Repetitive Strain,Light,10.03,51.4,56.7,0.8,107.2,0.94,1.23,0.89,1.23,5.04,Moderate
50,Male,36.0,4.0,52.0,No Prior Injury,Light,7.29,53.3,42.8,1.279,95.8,0.99,0.94,0.95,0.7,3.43,Moderate
55,Male,25.3,3.2,39.1,No Prior Injury,Light,5.26,57.0,44.2,1.08,108.7,1.18,1.05,1.06,1.01,3.48,Moderate
47,Female,24.1,1.5,19.4,No Prior Injury,Light,1.02,57.4,55.2,1.002,110.0,1.08,1.28,1.21,1.16,1.64,Low
61,Male,26.9,5.5,34.7,Repetitive Strain,Sedentary,5.0,55.9,43.5,1.161,91.4,1.16,0.91,1.13,1.07,4.01,Moderate
65,Female,26.5,4.6,27.8,No Prior Injury,Sedentary,8.64,52.2,42.7,1.13,75.0,1.23,0.95,1.2,0.94,5.2,Moderate
46,Female,30.8,1.8,42.7,No Prior Injury,Moderate,10.63,51.6,44.2,1.08,88.8,0.96,0.78,1.09,0.84,3.69,Moderate
32,Male,23.4,2.6,5.9,No Prior Injury,Very Active,0.3,59.0,59.1,1.052,122.1,1.24,1.19,1.09,1.12,1.58,Low
49,Female,27.0,3.3,27.4,No Prior Injury,Light,3.85,54.0,42.3,1.043,91.1,1.24,0.89,1.04,0.86,5.0,Moderate
56,Male,32.1,3.5,23.0,ACL Tear,Light,8.31,55.8,48.2,1.02,97.0,1.21,0.9,1.13,1.03,2.46,Moderate
63,Female,29.8,8.5,48.3,Meniscus Tear,Light,11.06,44.9,37.0,1.297,83.0,1.22,0.83,1.06,0.55,6.09,High
41,Female,28.6,0.0,8.4,No Prior Injury,Active,3.1,68.2,67.0,0.951,110.3,1.16,1.18,1.2,1.29,2.0,Low
81,Female,32.6,7.1,58.6,ACL Tear,Moderate,8.17,43.8,52.0,0.84,83.3,0.69,1.21,0.7,0.86,7.72,High
24,Male,25.8,2.2,7.4,No Prior Injury,Active,4.5,62.7,65.1,0.974,113.7,1.22,1.22,1.22,1.05,2.77,Low
44,Male,25.3,0.0,0.7,No Prior Injury,Active,1.84,58.3,60.4,0.967,107.9,1.38,1.32,1.16,1.03,1.91,Low
69,Female,32.9,6.8,49.1,Fracture,Sedentary,11.07,36.2,49.9,0.811,71.2,0.68,1.09,0.6,0.95,4.67,High
41,Female,25.8,5.6,28.0,Repetitive Strain,Active,8.9,50.9,56.4,0.871,95.1,0.98,1.04,0.73,1.06,4.64,Moderate
71,Male,32.7,4.8,57.2,Fracture,Sedentary,19.17,25.6,41.9,0.684,87.9,0.6,1.14,0.58,1.09,11.6,High
52,Female,23.8,3.3,21.0,No Prior Injury,Light,6.66,45.6,56.3,0.823,99.7,0.82,1.34,0.97,1.2,4.4,Moderate
37,Female,22.3,0.5,4.7,Repetitive Strain,Sedentary,2.31,61.2,58.8,1.016,111.3,1.41,1.15,0.99,1.2,1.97,Low
70,Female,26.5,5.6,30.8,No Prior Injury,Moderate,7.29,50.2,39.7,1.185,95.7,1.1,1.19,1.13,0.92,5.45,Moderate
20,Male,23.2,0.1,2.7,No Prior Injury,Light,2.29,61.9,63.5,1.052,116.7,1.21,1.27,1.13,1.14,1.64,Low
20,Female,25.7,1.0,2.5,No Prior Injury,Moderate,0.77,69.3,64.6,1.02,108.3,1.24,1.5,1.01,1.16,2.03,Low
42,Male,25.0,0.1,8.5,No Prior Injury,Light,1.21,59.7,58.9,1.0,113.5,1.23,1.3,1.09,1.23,1.67,Low
27,Female,24.9,3.1,0.5,No Prior Injury,Moderate,2.52,67.3,65.4,0.99,98.4,1.24,1.32,1.24,1.19,1.53,Low
43,Female,24.1,3.1,12.0,Meniscus Tear,Moderate,0.59,61.6,59.8,1.096,124.1,1.31,1.25,1.13,1.05,1.84,Low
27,Female,18.9,0.9,19.6,No Prior Injury,Very Active,2.58,67.9,67.9,0.989,103.0,1.08,1.35,0.98,1.16,2.24,Low
67,Male,29.4,4.5,28.6,No Prior Injury,Moderate,2.8,55.0,45.6,1.126,91.1,1.41,0.73,0.97,0.87,4.12,Moderate
43,Male,32.2,3.9,36.0,Meniscus Tear,Active,7.89,43.3,51.1,0.811,84.4,1.06,1.11,0.87,1.13,4.66,Moderate
61,Female,25.7,6.8,32.2,No Prior Injury,Light,5.07,46.4,54.5,0.78,93.2,0.94,1.24,0.71,1.17,5.44,Moderate
61,Male,27.5,2.8,26.9,Repetitive Strain,Light,8.6,51.7,40.4,1.084,88.1,1.26,0.82,1.05,0.91,4.06,Moderate
39,Male,23.4,0.7,8.8,No Prior Injury,Moderate,1.12,57.4,56.1,0.959,101.3,1.29,1.17,1.24,1.23,2.49,Low
65,Male,25.0,5.1,37.3,Meniscus Tear,Light,6.39,45.4,54.9,0.829,104.2,0.83,1.22,0.94,1.0,3.94,Moderate
42,Male,27.3,2.9,7.8,No Prior Injury,Moderate,0.55,54.6,54.3,1.032,112.9,1.12,1.33,1.02,1.17,1.39,Low
59,Female,30.1,3.3,40.5,Fracture,Sedentary,6.54,55.5,46.8,1.219,81.3,1.09,0.95,1.2,0.73,4.56,Moderate
38,Female,25.8,2.1,4.2,No Prior Injury,Moderate,0.83,55.6,55.9,0.964,117.1,1.08,1.23,1.04,1.08,1.82,Low
45,Male,23.7,1.1,13.4,Repetitive Strain,Very Active,0.6,62.3,66.3,0.926,106.5,1.24,1.28,1.29,0.97,1.55,Low
50,Female,26.9,1.8,6.2,No Prior Injury,Light,3.42,57.6,61.8,1.0,118.3,1.17,1.16,1.25,1.02,1.59,Low
76,Female,32.3,4.3,32.2,Meniscus Tear,Light,8.82,44.7,54.4,0.726,96.1,1.03,1.04,1.04,0.97,5.9,Moderate
70,Male,34.1,4.0,40.9,ACL Tear,Light,3.13,56.5,50.7,1.056,94.7,1.05,0.99,1.16,0.85,3.93,Moderate
64,Female,30.7,4.5,42.2,No Prior Injury,Sedentary,4.7,46.4,38.0,1.188,101.7,1.42,1.04,1.1,0.89,4.48,Moderate
42,Male,23.2,1.7,10.0,No Prior Injury,Moderate,2.07,63.2,63.3,0.989,122.3,1.06,1.2,1.19,1.18,2.48,Low
55,Female,28.7,4.9,34.3,Fracture,Light,5.33,51.0,60.0,0.787,101.7,0.74,1.14,1.02,1.03,4.46,Moderate
40,Male,21.7,1.6,11.8,No Prior Injury,Moderate,0.15,70.4,69.3,0.939,110.2,1.27,1.2,1.0,1.06,2.53,Low
45,Male,28.8,2.1,4.2,No Prior Injury,Active,0.4,68.5,67.9,0.96,105.2,1.37,1.32,1.15,1.1,0.8,Low
50,Female,33.2,5.1,39.0,Repetitive Strain,Light,7.92,49.0,57.0,0.978,84.2,0.97,1.07,0.88,1.09,4.68,Moderate
60,Male,24.4,3.7,24.8,ACL Tear,Sedentary,8.74,40.0,53.5,0.872,96.9,0.9,1.08,0.69,0.99,4.81,Moderate
54,Male,31.1,3.6,27.5,No Prior Injury,Moderate,6.63,54.1,59.3,0.905,89.2,0.87,1.15,0.79,1.07,4.53,Moderate
62,Female,37.3,7.4,38.0,Meniscus Tear,Light,14.11,24.0,41.1,0.516,82.0,0.83,1.04,0.51,1.04,10.49,High
61,Male,28.4,4.3,35.4,No Prior Injury,Sedentary,6.92,41.8,55.9,0.94,101.1,1.0,1.2,0.79,0.98,5.12,Moderate
54,Female,31.3,4.0,21.1,Meniscus Tear,Light,6.34,59.3,45.3,1.02,88.7,1.06,0.86,1.02,0.82,3.5,Moderate
27,Male,25.1,1.5,4.5,No Prior Injury,Light,0.1,64.8,63.9,1.06,109.4,1.22,1.37,1.2,1.18,2.88,Low
49,Female,33.4,6.4,22.4,No Prior Injury,Active,3.45,60.6,48.1,1.02,95.8,0.91,0.98,1.02,0.83,4.28,Moderate
52,Male,24.1,2.1,9.4,No Prior Injury,Light,0.1,63.9,61.6,1.056,130.4,1.21,1.2,1.28,1.28,1.54,Low
85,Female,34.1,7.5,73.7,No Prior Injury,Sedentary,15.28,32.7,46.7,0.48,82.3,0.8,1.19,0.81,0.98,11.88,High
39,Male,25.2,0.4,5.0,No Prior Injury,Light,1.36,63.5,66.2,1.025,106.4,1.31,1.27,1.1,1.05,0.82,Low
45,Female,26.6,3.2,37.8,No Prior Injury,Sedentary,7.36,38.0,47.5,0.79,91.9,1.01,1.26,0.64,1.14,5.63,Moderate
66,Female,27.2,5.5,34.1,No Prior Injury,Moderate,3.26,41.6,48.3,0.9,85.0,0.96,1.28,0.94,1.18,4.62,Moderate
55,Male,28.8,4.7,23.7,ACL Tear,Moderate,6.62,57.2,48.6,1.038,109.3,1.26,0.8,0.81,0.8,6.02,Moderate
56,Female,27.2,1.8,22.3,Repetitive Strain,Light,5.07,59.2,48.0,1.199,80.3,1.18,0.76,1.03,0.87,3.1,Moderate
76,Female,26.4,4.8,30.2,No Prior Injury,Light,8.2,62.0,57.7,1.035,84.2,1.16,0.79,1.14,0.96,2.2,Moderate
78,Female,24.5,8.9,71.0,Meniscus Tear,Light,13.44,32.0,48.0,0.494,63.6,0.73,1.09,0.71,1.09,6.82,High
77,Female,24.5,9.9,45.3,Fracture,Sedentary,13.91,32.2,47.5,0.581,71.5,0.55,1.18,0.68,1.01,8.31,High
76,Male,29.2,7.3,68.4,No Prior Injury,Sedentary,15.59,45.8,27.0,1.284,87.3,0.9,0.87,1.04,0.65,9.86,High
22,Male,24.5,1.6,6.7,Meniscus Tear,Very Active,1.51,59.5,57.2,1.065,106.1,1.43,1.32,1.2,1.16,1.68,Low
72,Female,37.9,6.5,57.2,ACL Tear,Light,13.96,44.1,52.0,0.696,72.5,0.6,1.07,0.66,0.98,8.89,High
79,Female,32.7,7.8,41.1,Meniscus Tear,Sedentary,11.83,24.0,41.7,0.727,80.7,0.77,1.23,0.47,0.98,5.71,High
64,Male,30.0,4.1,23.5,No Prior Injury,Light,6.76,52.8,42.8,1.141,94.7,1.42,0.99,0.87,0.84,4.13,Moderate
51,Female,21.7,4.3,25.3,No Prior Injury,Moderate,8.17,56.3,54.2,1.17,100.5,1.37,1.04,1.02,0.94,3.33,Moderate
53,Female,24.0,3.2,28.1,ACL Tear,Light,7.77,52.1,56.6,0.806,103.5,0.99,1.01,0.75,0.95,4.43,Moderate
35,Male,22.4,0.0,13.1,Repetitive Strain,Light,0.64,72.0,69.4,1.063,108.8,1.26,1.23,1.09,1.23,1.86,Low
62,Male,26.0,5.8,20.8,ACL Tear,Light,4.86,39.6,50.9,0.901,89.6,0.81,1.07,0.83,1.09,2.9,Moderate
61,Female,28.0,3.0,21.2,ACL Tear,Active,5.5,59.0,53.8,1.054,93.1,1.03,0.97,1.05,0.94,5.4,Moderate
36,Male,18.5,0.4,16.9,Repetitive Strain,Moderate,2.47,59.7,62.3,0.925,117.2,1.14,1.37,1.16,1.2,1.84,Low
58,Male,26.6,2.8,31.0,No Prior Injury,Moderate,5.08,61.7,55.8,1.105,94.8,1.37,1.07,1.05,0.84,4.15,Moderate
40,Female,22.7,2.4,7.6,No Prior Injury,Sedentary,1.45,69.0,72.0,1.026,108.2,1.41,1.06,1.1,1.03,2.01,Low
58,Female,28.3,3.8,20.0,No Prior Injury,Light,10.71,56.9,43.2,1.191,95.0,1.32,0.84,1.23,0.77,4.92,Moderate
59,Female,36.9,7.1,48.2,No Prior Injury,Sedentary,10.6,44.6,33.9,1.543,79.7,1.06,0.79,1.01,0.49,6.59,High
42,Male,24.8,1.0,0.0,No Prior Injury,Light,1.35,60.7,61.6,0.9,113.3,1.14,1.27,1.06,1.06,1.66,Low
80,Male,35.5,6.2,76.6,Meniscus Tear,Light,7.5,41.2,32.6,1.428,68.0,1.03,0.68,0.83,0.58,6.33,High
50,Male,27.4,2.4,12.5,No Prior Injury,Sedentary,0.49,57.6,59.2,0.947,120.0,1.2,1.23,1.03,1.14,1.64,Low
31,Female,23.8,0.0,8.6,No Prior Injury,Active,0.55,60.4,62.3,0.972,99.7,1.23,1.19,1.06,1.12,2.05,Low
59,Male,37.7,6.8,69.4,Meniscus Tear,Light,17.49,45.9,29.9,1.291,97.3,1.17,0.78,0.86,0.51,8.71,High
71,Male,32.1,6.8,77.3,Fracture,Sedentary,16.44,43.1,24.0,1.238,80.5,1.03,0.72,1.0,0.62,8.23,High
70,Male,21.4,2.9,26.5,ACL Tear,Moderate,6.71,48.3,57.3,0.98,100.2,1.1,1.16,0.97,1.03,5.84,Moderate
49,Male,32.8,3.0,19.5,Repetitive Strain,Moderate,5.69,49.5,59.8,0.872,87.2,1.0,1.09,0.81,0.94,3.1,Moderate
26,Male,24.5,1.1,9.3,No Prior Injury,Light,1.65,70.3,66.1,0.963,93.7,1.17,1.32,1.11,1.18,1.04,Low
71,Female,35.5,8.7,53.7,ACL Tear,Light,13.06,47.4,37.3,1.519,75.6,0.92,0.77,0.96,0.66,7.39,High
67,Female,25.5,7.1,59.6,Meniscus Tear,Light,12.24,25.2,44.8,0.681,93.5,0.66,1.22,0.64,0.86,9.63,High
50,Female,21.2,0.4,13.8,No Prior Injury,Light,0.21,65.5,64.4,1.029,122.3,1.51,1.12,1.21,1.1,2.19,Low
60,Male,28.9,6.2,32.3,No Prior Injury,Moderate,6.62,58.3,45.9,1.071,87.0,1.21,0.87,1.01,0.82,3.11,Moderate
28,Male,25.6,0.0,5.7,No Prior Injury,Moderate,0.89,56.6,53.4,0.941,112.0,1.2,1.44,1.32,1.06,2.08,Low
49,Male,25.6,0.4,19.0,Meniscus Tear,Moderate,2.77,62.4,59.7,0.943,107.9,1.31,1.38,1.16,1.26,1.12,Low
40,Female,28.2,2.4,0.8,Meniscus Tear,Light,4.15,60.5,61.8,0.959,113.1,1.18,1.36,1.01,1.09,1.99,Low
62,Female,33.5,8.0,49.4,Meniscus Tear,Active,12.6,41.9,24.3,1.498,90.6,1.01,0.48,0.65,0.5,6.51,High
40,Female,23.8,4.1,30.4,No Prior Injury,Moderate,3.88,44.7,56.9,0.753,92.9,0.93,1.26,0.89,1.18,4.13,Moderate
40,Female,27.1,0.2,3.1,No Prior Injury,Light,0.5,61.8,59.0,1.017,98.4,1.19,1.21,1.3,1.12,0.8,Low
57,Male,33.8,3.2,44.5,No Prior Injury,Moderate,2.8,56.5,47.8,1.023,93.9,1.12,0.78,1.22,1.04,5.13,Moderate
50,Female,20.9,1.7,12.2,No Prior Injury,Active,0.48,65.0,68.1,0.99,114.3,1.28,1.23,1.22,1.21,0.93,Low
66,Female,22.5,5.3,29.3,No Prior Injury,Light,5.77,47.4,54.7,0.768,93.3,0.97,1.22,0.95,0.82,4.77,Moderate
59,Male,29.9,4.2,40.9,Meniscus Tear,Sedentary,8.68,38.0,47.6,0.845,96.5,0.88,1.25,0.99,0.83,2.2,Moderate
43,Male,22.1,2.6,13.1,No Prior Injury,Moderate,0.36,64.3,64.6,1.02,117.1,1.36,1.28,1.13,1.2,2.75,Low
73,Male,33.2,5.2,28.2,ACL Tear,Sedentary,6.08,58.7,48.5,1.183,97.2,0.92,1.02,1.01,0.8,4.13,Moderate
43,Female,24.8,1.4,19.5,No Prior Injury,Moderate,2.76,68.3,68.3,1.004,106.7,1.11,1.24,1.29,1.11,2.19,Low
70,Female,34.1,8.7,58.1,Meniscus Tear,Light,7.5,42.6,28.8,1.499,75.0,0.96,0.74,1.04,0.51,11.1,High
20,Female,21.7,1.3,7.4,No Prior Injury,Light,0.1,63.3,65.7,1.034,119.0,1.15,1.23,1.12,1.05,1.98,Low
56,Male,29.5,3.9,23.2,Repetitive Strain,Active,2.8,38.0,52.2,0.819,109.9,1.08,1.22,0.84,0.97,3.57,Moderate
25,Male,20.1,2.1,6.1,No Prior Injury,Light,0.83,64.7,65.0,1.064,111.8,1.28,1.12,1.13,1.19,1.02,Low
50,Female,24.0,0.7,3.2,No Prior Injury,Sedentary,1.37,62.2,61.7,1.055,104.1,1.22,1.32,1.19,1.28,2.01,Low
62,Female,25.4,3.4,38.0,Repetitive Strain,Moderate,8.09,54.4,39.3,1.246,117.3,1.23,0.78,1.02,0.95,4.23,Moderate
57,Male,35.0,5.7,46.5,ACL Tear,Active,6.03,57.5,53.3,1.196,91.5,1.05,0.77,1.0,0.98,5.23,Moderate
56,Male,29.3,4.3,33.5,Meniscus Tear,Sedentary,6.49,46.5,57.9,0.8,94.1,0.77,1.01,0.84,1.24,3.66,Moderate
20,Female,23.1,0.2,4.1,No Prior Injury,Sedentary,0.15,58.2,55.6,1.013,109.8,1.35,1.13,1.09,1.0,1.3,Low
29,Male,24.9,0.8,10.5,No Prior Injury,Active,0.77,63.9,61.7,0.951,107.4,1.24,1.13,1.15,0.99,1.24,Low
70,Female,29.6,7.9,53.4,No Prior Injury,Light,11.15,26.5,39.8,0.84,73.1,0.86,0.9,0.61,1.05,6.66,High
63,Female,29.3,2.5,24.5,No Prior Injury,Light,4.36,48.1,60.3,0.936,89.7,0.95,1.16,0.82,1.09,2.67,Moderate
36,Male,28.5,1.7,8.3,No Prior Injury,Moderate,0.38,60.0,62.4,1.022,103.1,1.27,1.29,1.25,1.28,1.29,Low
54,Male,24.7,0.8,15.5,No Prior Injury,Moderate,0.1,69.1,65.9,0.99,106.0,1.29,1.35,0.99,1.18,1.66,Low
40,Female,23.1,3.1,12.9,No Prior Injury,Moderate,1.07,54.6,53.4,1.023,106.7,1.25,1.31,1.4,1.21,1.38,Low
37,Male,20.8,0.8,5.4,ACL Tear,Very Active,2.63,55.8,59.7,1.015,112.9,1.23,1.27,1.18,1.17,1.86,Low
69,Female,24.2,4.7,35.5,ACL Tear,Sedentary,7.2,52.1,60.1,0.859,102.1,1.02,1.18,0.86,0.9,4.52,Moderate
39,Male,24.4,3.8,39.0,No Prior Injury,Sedentary,10.42,54.3,43.4,1.127,98.0,1.29,0.9,0.98,1.07,2.6,Moderate
29,Male,26.8,0.9,10.7,No Prior Injury,Very Active,1.7,67.7,66.9,0.964,101.3,1.38,1.39,1.18,1.25,1.87,Low
44,Female,29.0,0.6,7.2,No Prior Injury,Active,1.12,60.2,58.8,0.997,112.7,1.28,1.23,1.17,1.28,2.29,Low
54,Female,30.3,4.5,36.0,Meniscus Tear,Sedentary,6.56,47.1,59.4,0.889,105.1,1.18,1.18,0.81,1.04,2.73,Moderate
55,Female,32.5,5.2,38.4,Meniscus Tear,Active,7.73,47.7,56.4,0.98,86.7,0.96,1.13,0.74,1.05,2.35,Moderate
20,Male,28.8,0.0,17.3,No Prior Injury,Moderate,2.52,62.9,64.5,1.067,120.0,1.24,1.31,1.2,1.19,2.36,Low
29,Female,20.3,0.0,17.3,No Prior Injury,Sedentary,0.14,60.3,61.2,0.963,121.9,1.21,1.35,1.2,1.35,1.06,Low
58,Female,26.4,8.4,74.3,No Prior Injury,Moderate,13.34,24.0,40.6,0.579,75.3,0.68,1.11,0.66,1.08,10.07,High
37,Male,19.2,2.1,1.6,Repetitive Strain,Moderate,0.12,59.4,62.3,1.054,101.6,1.33,1.32,1.05,1.21,2.57,Low
60,Female,32.2,2.1,19.1,Meniscus Tear,Moderate,7.53,57.2,50.1,1.199,110.9,1.15,0.65,1.1,0.6,4.7,Moderate
65,Female,29.1,5.0,17.0,No Prior Injury,Light,7.17,47.2,56.3,0.876,96.6,0.98,1.21,0.95,1.23,3.29,Moderate
20,Male,22.2,1.1,8.7,No Prior Injury,Active,0.1,66.8,67.3,0.931,110.7,1.22,1.21,1.09,1.11,2.22,Low
41,Male,25.7,4.4,14.0,No Prior Injury,Moderate,8.83,38.0,51.6,0.775,79.6,1.01,1.14,0.83,0.95,4.22,Moderate
68,Female,28.2,8.4,80.5,No Prior Injury,Light,16.25,42.6,30.6,1.266,82.8,1.16,0.76,0.89,0.67,7.75,High
38,Female,23.1,1.9,7.4,No Prior Injury,Moderate,2.8,56.1,58.3,0.993,112.7,1.25,1.5,1.03,0.96,1.97,Low
36,Male,23.6,0.2,11.3,ACL Tear,Sedentary,0.36,59.3,60.7,1.029,119.4,1.2,1.08,1.28,1.32,2.57,Low
44,Female,23.9,2.6,7.6,Fracture,Sedentary,4.5,58.7,62.3,0.967,107.6,1.24,1.32,1.17,1.02,1.53,Low
56,Female,26.8,4.5,36.6,Meniscus Tear,Light,7.36,39.3,52.1,0.936,112.9,0.93,1.14,0.87,1.19,4.75,Moderate
64,Male,28.3,5.3,50.9,Meniscus Tear,Light,6.05,48.9,59.1,0.763,95.1,1.21,1.14,1.06,0.97,5.34,Moderate
52,Male,29.3,2.8,48.7,ACL Tear,Active,5.94,52.8,43.1,1.17,103.2,1.24,0.73,1.08,0.83,3.5,Moderate
64,Female,30.6,8.5,89.1,Repetitive Strain,Sedentary,13.21,42.8,29.2,1.311,74.7,1.09,0.62,1.06,0.48,9.88,High
48,Male,26.6,2.9,44.7,ACL Tear,Light,2.8,58.5,50.4,1.081,94.0,1.08,0.98,0.91,0.8,3.4,Moderate
46,Male,29.2,0.0,4.1,No Prior Injury,Very Active,0.75,64.3,63.1,1.058,109.9,1.52,1.3,1.07,1.04,2.04,Low
39,Male,30.0,1.6,12.2,No Prior Injury,Active,2.07,68.5,70.9,0.963,116.4,1.16,1.2,1.12,1.23,2.26,Low
58,Male,35.7,4.5,15.6,Fracture,Moderate,6.5,45.1,53.8,0.856,99.9,0.97,1.15,0.95,1.13,5.52,Moderate
41,Male,22.8,0.3,13.8,Meniscus Tear,Light,0.29,58.6,58.5,1.01,112.7,1.33,1.33,1.06,1.22,1.21,Low
24,Male,28.6,0.0,3.8,No Prior Injury,Very Active,0.47,59.0,60.5,1.02,114.0,1.26,1.28,1.17,1.05,1.82,Low
20,Female,29.1,0.9,1.3,No Prior Injury,Very Active,0.45,64.8,62.8,1.029,106.5,1.11,1.11,1.02,1.23,1.04,Low
31,Female,22.8,2.2,4.6,No Prior Injury,Moderate,2.26,54.8,55.8,0.945,123.0,1.26,1.28,0.95,1.03,2.24,Low
20,Male,30.0,2.6,14.0,No Prior Injury,Light,0.26,66.1,63.8,0.987,117.3,1.3,1.27,1.23,1.11,1.89,Low
36,Male,25.0,1.5,1.6,No Prior Injury,Active,0.3,63.1,62.7,1.048,114.8,1.24,1.34,1.17,1.15,1.96,Low
50,Male,31.8,6.5,25.6,No Prior Injury,Moderate,7.3,38.7,52.3,0.878,84.8,1.01,1.07,0.76,1.08,4.99,Moderate
20,Female,23.6,2.2,8.6,No Prior Injury,Light,2.86,56.8,54.1,1.052,110.7,1.37,1.19,1.17,1.16,1.78,Low
63,Male,26.7,8.9,45.2,Meniscus Tear,Sedentary,11.35,44.8,36.4,1.33,74.4,0.96,0.78,0.99,0.78,7.07,High
31,Male,25.0,0.2,12.2,No Prior Injury,Active,0.27,68.5,67.5,1.0,102.0,1.31,1.33,1.11,1.1,1.93,Low
52,Female,23.3,5.3,18.1,No Prior Injury,Moderate,11.5,48.8,58.0,0.857,83.4,0.89,1.07,0.82,1.05,5.55,Moderate
36,Female,23.7,0.0,6.5,No Prior Injury,Moderate,3.27,66.5,67.4,0.963,112.1,1.1,1.19,1.02,1.2,2.16,Low
43,Male,25.4,1.8,0.0,No Prior Injury,Light,0.35,64.1,63.7,0.976,120.9,1.25,1.22,1.14,1.26,1.43,Low
35,Female,21.0,4.8,30.3,ACL Tear,Moderate,9.97,48.4,52.5,0.813,84.8,0.76,1.09,0.93,0.94,3.55,Moderate
27,Female,24.5,0.5,11.7,No Prior Injury,Very Active,2.62,60.3,62.2,0.918,110.2,1.12,1.07,1.24,1.19,2.02,Low
35,Male,21.4,2.7,7.6,No Prior Injury,Moderate,0.13,55.8,55.6,1.003,110.3,1.22,1.29,1.15,1.17,1.91,Low
57,Male,30.0,2.3,13.0,No Prior Injury,Very Active,1.78,65.3,65.9,0.975,107.5,1.14,1.28,1.22,1.18,2.64,Low
37,Male,26.2,0.1,9.1,No Prior Injury,Active,0.1,67.5,66.2,1.026,126.0,1.32,1.26,1.19,1.27,1.36,Low
35,Female,23.7,3.0,12.3,Repetitive Strain,Sedentary,1.65,63.5,63.9,1.013,116.1,1.13,1.2,1.1,1.1,2.27,Low
64,Male,24.7,6.8,58.5,Meniscus Tear,Light,16.77,34.9,44.6,0.598,66.6,0.73,1.21,0.53,1.02,8.17,High
28,Male,25.8,0.4,10.7,No Prior Injury,Light,0.72,59.5,57.8,0.954,128.9,1.16,1.21,1.12,1.1,2.11,Low
66,Female,33.4,4.2,22.9,No Prior Injury,Light,4.49,43.2,54.9,0.891,103.9,0.89,1.11,0.73,0.96,5.3,Moderate
59,Female,30.7,7.5,88.4,Fracture,Light,13.24,26.1,42.8,0.709,79.9,0.56,1.13,0.65,0.91,7.73,High
51,Female,27.2,5.9,25.4,Repetitive Strain,Light,5.62,38.3,48.7,0.849,91.9,0.88,1.1,1.03,0.98,3.8,Moderate
20,Male,23.3,2.3,5.7,No Prior Injury,Moderate,4.5,60.9,61.1,1.017,100.9,1.31,1.2,1.22,1.23,0.96,Low
29,Male,28.1,1.9,8.8,Meniscus Tear,Moderate,1.13,65.8,63.6,1.005,127.6,1.2,1.13,1.28,1.32,1.8,Low
69,Male,39.0,8.1,69.4,Fracture,Sedentary,15.66,32.9,47.7,0.554,67.9,0.43,1.03,0.74,0.87,10.06,High
76,Female,34.3,7.5,38.0,Meniscus Tear,Active,13.25,41.6,51.2,0.616,91.0,0.64,1.12,0.74,0.99,7.24,High
26,Male,28.6,1.0,8.2,No Prior Injury,Moderate,0.31,62.5,64.0,0.987,114.0,1.14,1.37,1.23,1.11,1.69,Low
42,Male,20.9,2.0,9.5,No Prior Injury,Very Active,2.08,71.6,71.5,1.005,120.6,1.1,1.04,1.1,0.99,1.59,Low
67,Female,28.3,5.2,32.4,No Prior Injury,Sedentary,7.27,38.0,46.9,0.774,98.8,0.93,1.24,1.0,1.04,3.42,Moderate
70,Male,38.0,7.8,73.1,Meniscus Tear,Light,14.8,47.1,32.5,1.331,67.8,1.27,0.88,1.1,0.57,7.91,High
71,Male,24.5,7.1,50.2,Meniscus Tear,Moderate,10.75,40.6,30.3,1.311,80.0,1.05,0.59,0.87,0.58,7.04,High
67,Male,37.0,8.8,86.1,ACL Tear,Light,13.4,45.6,34.5,1.349,80.5,1.01,0.87,1.05,0.55,8.59,High
33,Female,19.3,0.0,9.7,No Prior Injury,Active,1.47,55.8,56.5,0.996,92.2,1.3,1.39,1.16,1.05,1.54,Low
38,Male,21.6,2.2,7.6,No Prior Injury,Very Active,1.49,60.6,59.3,0.985,92.0,1.19,1.23,1.2,1.12,1.97,Low
24,Female,23.1,0.0,12.0,Meniscus Tear,Sedentary,0.57,59.7,56.4,1.065,109.7,1.41,1.31,1.14,1.09,1.63,Low
70,Male,34.5,6.2,71.4,ACL Tear,Sedentary,14.35,42.1,26.2,1.62,82.7,1.1,0.7,1.0,0.57,7.99,High
45,Female,31.0,3.5,15.0,No Prior Injury,Light,3.65,43.1,53.1,0.754,101.2,1.0,1.16,0.9,1.06,5.01,Moderate
40,Male,21.2,1.4,1.9,No Prior Injury,Sedentary,1.8,58.0,60.0,0.99,93.0,1.32,1.34,1.01,1.16,2.03,Low
66,Male,25.5,6.2,78.4,ACL Tear,Sedentary,11.5,30.8,50.1,0.718,78.7,0.8,1.25,0.52,1.01,8.93,High
32,Male,25.9,1.6,1.1,No Prior Injury,Active,0.1,66.6,66.6,1.018,123.8,1.29,1.17,1.0,1.04,1.84,Low
39,Male,19.2,1.6,14.8,No Prior Injury,Active,0.76,63.6,63.0,0.966,106.9,1.35,1.21,1.11,1.05,2.01,Low
20,Male,22.0,1.7,3.1,No Prior Injury,Light,0.18,62.2,62.1,1.005,105.4,1.26,1.29,1.17,1.18,2.02,Low
75,Female,34.8,6.7,56.3,ACL Tear,Light,17.19,48.0,38.5,1.256,89.5,0.89,0.61,1.03,0.6,10.83,High
41,Male,18.8,0.0,13.8,Meniscus Tear,Active,0.59,63.8,64.0,0.939,118.1,1.31,1.14,1.13,1.14,1.73,Low
33,Female,22.8,2.4,0.0,No Prior Injury,Moderate,1.89,59.3,60.8,0.986,117.8,1.16,1.24,1.21,0.95,2.86,Low
40,Female,23.6,1.6,9.6,No Prior Injury,Sedentary,0.99,67.2,70.2,0.935,107.5,1.25,1.35,1.19,1.17,1.24,Low
66,Male,37.8,7.1,76.0,ACL Tear,Light,14.98,44.8,27.4,1.459,89.6,0.86,0.77,0.89,0.52,9.66,High
37,Male,23.8,3.3,11.0,No Prior Injury,Sedentary,2.05,70.9,65.1,1.049,107.7,1.17,1.2,1.11,1.2,1.02,Low
45,Male,23.4,2.7,0.2,No Prior Injury,Very Active,3.71,60.3,59.1,0.989,115.5,1.18,1.21,1.16,1.1,2.13,Low
65,Female,38.0,6.3,52.8,No Prior Injury,Sedentary,12.85,26.0,36.7,0.72,76.3,0.92,1.04,0.62,0.88,8.54,High
59,Female,37.0,6.3,78.7,No Prior Injury,Sedentary,15.52,33.9,52.0,0.592,73.2,0.62,1.04,0.43,1.1,8.81,High
56,Female,26.6,2.4,26.5,ACL Tear,Moderate,6.51,57.8,50.0,1.088,89.9,1.16,0.87,1.08,0.83,4.7,Moderate
51,Female,23.9,1.9,3.4,No Prior Injury,Moderate,0.28,61.9,63.1,0.919,114.7,1.22,1.16,1.08,1.12,0.8,Low
49,Female,22.5,0.0,14.9,No Prior Injury,Light,0.66,67.7,68.1,1.008,102.4,1.21,1.27,1.12,1.13,1.54,Low
25,Female,22.9,0.7,9.2,No Prior Injury,Active,4.5,66.9,65.8,0.964,106.8,1.2,1.21,1.17,1.2,1.77,Low
76,Female,28.3,5.5,71.3,ACL Tear,Sedentary,10.71,26.5,42.3,0.755,86.1,0.54,0.97,0.65,0.86,6.83,High
60,Female,30.9,8.1,54.6,No Prior Injury,Sedentary,10.0,43.8,37.6,1.403,90.1,1.09,0.81,0.96,0.69,6.04,High
70,Male,35.9,6.6,54.7,No Prior Injury,Sedentary,8.69,43.1,29.6,1.231,74.0,0.81,0.77,0.73,0.67,8.73,High
61,Male,31.1,3.1,50.0,ACL Tear,Moderate,6.4,59.8,54.3,1.243,83.5,1.25,1.01,1.19,0.79,3.87,Moderate
60,Male,27.7,4.1,26.5,No Prior Injury,Light,6.18,41.0,54.7,0.873,101.6,0.97,1.35,0.75,1.07,3.39,Moderate
28,Female,21.9,0.3,3.6,No Prior Injury,Active,0.19,58.8,59.7,1.014,100.5,1.31,1.16,1.15,1.14,1.54,Low
59,Male,27.3,1.8,32.4,Meniscus Tear,Very Active,8.19,39.8,55.5,0.877,96.7,0.89,1.05,0.87,0.98,5.35,Moderate
68,Female,29.5,4.5,16.9,Repetitive Strain,Sedentary,3.12,52.6,38.3,1.14,92.2,1.18,1.21,1.02,1.11,3.49,Moderate
59,Male,30.9,4.0,23.7,Meniscus Tear,Light,10.13,45.8,56.3,0.91,105.1,0.89,1.24,0.95,0.99,3.08,Moderate
70,Female,33.5,5.0,31.8,Meniscus Tear,Sedentary,5.71,51.0,42.9,1.199,115.2,0.95,0.81,0.95,0.96,4.44,Moderate
39,Male,24.7,0.0,6.9,No Prior Injury,Moderate,1.31,57.2,59.8,1.001,102.1,1.38,1.31,1.2,1.2,3.0,Low
41,Female,25.7,0.6,12.8,Repetitive Strain,Light,3.3,64.0,61.8,1.007,94.7,1.3,1.31,1.22,1.1,1.95,Low
63,Male,39.2,8.8,51.8,ACL Tear,Sedentary,11.88,43.0,29.1,1.385,80.1,1.0,0.47,0.84,0.78,7.29,High
40,Male,26.3,2.9,4.2,No Prior Injury,Moderate,0.66,63.6,58.9,1.007,124.3,1.45,1.45,1.26,1.23,2.1,Low
46,Male,28.5,3.0,27.6,Fracture,Sedentary,5.59,44.9,53.0,0.967,101.9,1.05,1.18,1.02,1.09,3.94,Moderate
55,Male,26.3,7.1,51.2,Repetitive Strain,Light,15.33,34.4,46.0,0.688,80.3,0.79,0.93,0.44,0.96,7.21,High
36,Female,21.2,0.5,3.9,No Prior Injury,Moderate,1.71,66.3,64.1,0.998,119.8,1.12,1.3,1.36,1.24,2.51,Low
69,Male,36.0,4.6,42.8,No Prior Injury,Sedentary,10.18,47.4,56.7,0.848,89.6,1.05,1.25,1.04,1.06,4.74,Moderate
59,Female,30.8,6.6,64.3,ACL Tear,Light,17.6,46.9,35.1,1.278,60.7,0.99,0.61,0.95,0.48,6.34,High
56,Female,23.2,4.9,18.8,Repetitive Strain,Light,8.28,62.0,53.7,1.128,94.1,1.39,1.03,1.09,0.92,3.67,Moderate
65,Male,29.2,4.6,43.4,No Prior Injury,Light,7.49,50.7,42.1,1.129,99.7,1.25,1.14,1.11,0.81,3.91,Moderate
30,Female,19.5,1.7,5.7,No Prior Injury,Active,1.88,61.2,63.0,1.042,111.6,1.3,1.21,1.06,1.13,1.95,Low
70,Female,34.5,7.3,58.8,ACL Tear,Sedentary,17.76,43.2,52.0,0.761,75.6,0.6,1.22,0.66,1.03,8.39,High
58,Female,28.6,3.8,34.7,Fracture,Moderate,6.99,45.5,57.2,0.808,93.0,0.78,1.25,0.91,1.0,2.9,Moderate
38,Female,18.9,2.2,11.4,No Prior Injury,Moderate,0.75,62.6,61.5,1.032,116.2,1.34,1.23,1.2,1.1,2.83,Low
47,Male,24.7,1.6,0.0,No Prior Injury,Active,2.23,59.8,60.5,1.046,108.1,1.26,1.13,1.18,1.1,2.32,Low
59,Male,28.5,7.0,60.7,Meniscus Tear,Sedentary,11.58,41.2,48.8,0.583,77.7,0.79,1.24,0.57,0.87,9.99,High
72,Female,25.2,5.7,24.5,No Prior Injury,Sedentary,3.02,42.3,51.6,0.873,96.8,0.95,1.09,0.97,1.26,5.05,Moderate
37,Male,23.5,0.7,5.4,No Prior Injury,Moderate,0.67,58.2,58.6,0.989,93.2,1.41,1.35,1.19,1.31,1.31,Low
25,Male,20.8,1.8,0.0,No Prior Injury,Moderate,0.43,58.6,61.5,1.032,102.8,1.32,1.39,1.32,1.4,1.35,Low
34,Female,25.0,1.6,8.4,No Prior Injury,Active,0.1,63.6,61.1,1.013,114.9,1.18,1.11,1.28,1.18,1.69,Low
50,Male,22.0,0.7,4.2,No Prior Injury,Light,1.42,69.6,68.2,0.97,111.2,1.31,1.24,1.13,1.15,1.5,Low
51,Female,27.4,3.9,39.2,No Prior Injury,Sedentary,8.73,53.8,46.3,1.164,86.9,1.25,0.92,1.07,0.85,4.93,Moderate
64,Male,35.5,7.5,50.9,Repetitive Strain,Sedentary,13.89,48.2,33.8,1.271,83.4,1.29,0.71,0.94,0.71,7.13,High
69,Female,31.1,4.7,34.8,No Prior Injury,Light,10.16,42.6,56.4,0.794,85.5,0.86,1.08,1.1,1.0,6.12,Moderate
86,Female,32.3,8.7,52.0,Meniscus Tear,Sedentary,10.28,47.5,49.0,0.666,84.1,0.65,1.0,0.58,0.83,10.91,High
39,Female,23.6,1.1,9.8,No Prior Injury,Light,1.04,60.7,58.2,1.046,122.2,1.13,1.38,1.14,1.18,1.55,Low
39,Male,24.9,1.7,6.4,No Prior Injury,Active,3.76,56.3,58.3,1.002,117.3,1.43,1.34,1.16,1.09,0.8,Low
30,Male,18.5,0.0,12.0,No Prior Injury,Light,2.43,63.5,62.3,0.998,107.2,1.19,1.15,1.1,1.21,1.69,Low
69,Female,38.5,6.1,92.0,ACL Tear,Light,13.9,46.5,30.3,1.349,64.0,1.02,0.65,1.05,0.63,10.5,High
58,Male,24.0,4.1,39.9,No Prior Injury,Light,8.78,51.0,39.2,1.284,103.4,1.17,1.11,1.11,0.88,4.75,Moderate
38,Female,20.1,2.1,13.3,No Prior Injury,Moderate,0.52,64.8,64.8,1.1,116.6,1.36,1.34,1.21,1.11,2.18,Low
46,Female,22.1,1.5,10.7,No Prior Injury,Light,4.5,67.7,64.6,0.991,98.9,1.21,1.34,1.11,1.2,1.7,Low
20,Female,21.2,1.4,6.4,No Prior Injury,Light,0.31,67.0,68.5,1.012,102.7,1.12,1.08,1.21,1.25,2.72,Low
66,Male,30.1,2.9,35.1,No Prior Injury,Sedentary,5.58,53.9,38.0,1.194,79.7,1.04,0.99,0.91,0.82,5.1,Moderate
71,Male,34.5,7.7,56.4,Meniscus Tear,Light,12.62,30.4,40.5,0.57,74.4,0.74,1.08,0.52,1.11,6.89,High
59,Female,23.2,2.1,42.9,No Prior Injury,Light,5.43,56.4,48.1,1.214,117.3,1.02,0.8,0.9,0.82,4.24,Moderate
20,Male,24.7,2.4,0.4,No Prior Injury,Active,0.78,57.3,58.2,1.049,110.8,1.2,1.26,1.2,1.24,2.52,Low
46,Female,23.6,0.7,12.2,No Prior Injury,Moderate,0.91,64.2,65.0,0.975,124.3,1.11,1.25,1.14,1.21,1.75,Low
26,Male,24.8,0.1,4.4,ACL Tear,Sedentary,0.29,61.8,56.9,0.911,105.3,1.12,1.32,1.18,1.18,1.61,Low
51,Female,25.9,3.5,38.8,No Prior Injury,Light,6.15,54.5,41.3,1.246,98.7,1.02,1.04,0.85,0.82,3.73,Moderate
67,Female,32.8,6.8,35.6,No Prior Injury,Light,7.43,55.7,41.2,1.165,95.5,1.21,0.84,0.96,0.97,4.37,Moderate
27,Male,22.5,2.0,18.7,No Prior Injury,Moderate,1.43,64.5,60.5,1.032,119.0,1.22,1.37,1.25,1.15,1.57,Low
34,Female,19.5,0.9,5.4,No Prior Injury,Moderate,4.5,61.0,61.8,0.963,119.1,1.35,1.06,1.07,1.01,1.47,Low
48,Female,35.7,7.7,51.1,ACL Tear,Sedentary,10.72,51.7,40.6,1.276,56.6,1.13,0.9,1.02,0.54,7.23,High
62,Female,24.2,5.4,25.8,Fracture,Active,6.05,56.9,44.9,1.125,99.0,1.17,0.92,1.07,0.81,5.19,Moderate
35,Male,21.9,0.0,14.6,No Prior Injury,Moderate,2.53,57.7,57.2,0.972,119.8,1.11,1.4,1.22,1.24,1.57,Low
69,Male,28.2,4.9,43.7,No Prior Injury,Moderate,4.51,54.9,44.1,1.089,93.9,1.23,0.69,1.14,0.92,4.4,Moderate
47,Male,26.7,0.9,5.5,No Prior Injury,Very Active,1.02,62.5,66.2,0.991,117.7,1.33,1.4,1.27,1.26,2.52,Low
58,Female,24.9,2.8,2.1,No Prior Injury,Very Active,0.72,59.6,61.9,1.042,111.8,1.33,1.14,1.15,1.08,2.17,Low
27,Female,23.7,3.5,6.3,No Prior Injury,Light,1.01,62.2,64.0,0.976,99.3,1.33,1.1,1.11,1.12,1.77,Low
57,Female,26.7,2.0,31.7,Repetitive Strain,Sedentary,5.4,43.6,49.5,0.957,96.4,0.97,1.1,0.84,0.97,2.68,Moderate
54,Female,35.1,2.4,43.4,No Prior Injury,Light,5.19,56.3,48.9,1.161,114.3,1.13,1.02,1.1,0.76,4.88,Moderate
46,Male,22.6,0.0,9.0,No Prior Injury,Active,0.19,63.8,64.1,0.962,102.3,1.29,1.18,1.01,1.23,2.5,Low
70,Female,31.9,6.4,59.8,Meniscus Tear,Sedentary,12.77,37.0,51.5,0.672,85.1,0.7,1.02,0.63,0.96,6.11,High
46,Female,22.2,1.8,28.4,No Prior Injury,Light,5.28,38.9,51.8,0.861,108.0,0.8,1.23,0.77,1.14,5.34,Moderate
53,Male,38.1,8.9,66.6,ACL Tear,Sedentary,16.4,47.7,40.0,1.389,76.0,1.35,0.44,0.99,0.68,10.48,High
33,Female,22.8,0.8,10.5,No Prior Injury,Active,0.36,59.2,60.5,0.974,107.4,1.31,1.15,1.12,1.19,2.83,Low
49,Male,24.1,0.0,22.0,No Prior Injury,Active,0.27,61.3,61.4,1.022,116.5,1.24,1.32,1.04,1.11,2.62,Low
58,Male,29.7,3.0,30.4,Repetitive Strain,Light,7.63,46.0,54.8,0.7,100.1,0.91,1.12,0.9,0.82,4.0,Moderate
41,Male,22.3,1.8,12.4,No Prior Injury,Active,0.12,58.2,59.1,1.039,108.2,1.23,1.13,1.04,1.21,2.48,Low
69,Female,32.5,6.6,43.3,Meniscus Tear,Light,12.81,47.6,36.3,1.166,55.0,1.17,0.81,0.93,0.7,9.3,High
36,Female,23.3,0.0,5.8,No Prior Injury,Very Active,2.69,72.0,66.9,0.977,97.5,1.15,0.95,1.14,1.04,1.83,Low
38,Female,23.6,1.7,7.4,No Prior Injury,Light,0.2,61.9,59.8,1.083,115.4,1.12,1.23,1.09,0.94,2.6,Low
29,Female,22.0,1.7,13.8,ACL Tear,Active,0.31,63.8,61.3,0.987,108.9,1.1,1.27,1.17,1.14,1.68,Low
49,Female,29.6,5.8,23.4,ACL Tear,Sedentary,8.57,53.2,44.4,1.053,116.1,1.09,1.02,1.13,1.01,3.89,Moderate
39,Male,25.6,1.5,9.8,No Prior Injury,Sedentary,4.5,64.3,62.5,0.992,117.0,1.43,1.12,1.11,1.1,2.48,Low
63,Female,27.2,7.6,38.0,ACL Tear,Active,9.99,48.3,31.2,1.42,73.1,0.99,0.51,0.91,0.49,9.09,High
38,Male,23.4,1.1,8.8,No Prior Injury,Sedentary,0.96,59.3,58.8,1.06,92.0,1.36,1.36,0.96,1.11,1.61,Low
48,Male,23.2,0.1,7.7,No Prior Injury,Light,0.68,59.6,60.3,0.935,100.4,1.29,1.16,1.25,1.16,2.1,Low
44,Female,28.4,1.1,13.5,No Prior Injury,Moderate,4.5,60.3,59.9,1.045,112.7,1.18,1.34,1.13,1.19,1.56,Low
37,Male,25.5,1.7,5.3,No Prior Injury,Moderate,0.1,55.4,57.3,1.023,116.0,1.25,1.24,1.09,1.2,2.01,Low
32,Male,20.1,1.0,6.0,No Prior Injury,Light,0.54,63.5,65.8,1.056,118.2,1.23,1.25,1.01,1.13,1.37,Low
51,Female,29.2,4.1,24.0,Repetitive Strain,Light,4.98,56.7,54.5,0.879,96.9,0.82,0.96,0.99,1.15,4.74,Moderate
64,Male,30.5,5.0,41.5,No Prior Injury,Light,6.84,42.6,52.6,0.825,94.5,0.81,1.07,0.85,0.97,4.6,Moderate
48,Female,27.8,4.1,27.2,No Prior Injury,Very Active,6.3,47.7,60.4,0.829,82.7,1.04,0.94,0.97,1.05,4.19,Moderate
65,Female,32.4,7.8,55.3,ACL Tear,Light,9.65,51.1,40.5,1.309,82.9,1.09,0.49,0.92,0.75,6.92,High
33,Female,22.0,1.0,11.8,No Prior Injury,Light,0.91,56.9,60.2,1.008,117.3,1.1,1.36,1.27,0.96,1.45,Low
54,Female,37.4,8.0,68.2,Meniscus Tear,Moderate,12.07,37.0,47.2,0.658,95.1,0.76,1.04,0.67,1.02,6.6,High
61,Female,22.8,4.0,25.7,No Prior Injury,Light,7.05,57.9,50.2,1.089,84.5,1.14,1.0,0.88,0.79,4.31,Moderate
77,Female,37.9,9.9,66.3,Meniscus Tear,Light,19.47,27.0,44.0,0.755,76.0,0.73,1.17,0.81,1.07,6.6,High
26,Female,21.0,1.8,3.7,No Prior Injury,Moderate,2.29,55.6,57.3,0.946,113.1,1.22,1.11,1.12,1.19,2.06,Low
51,Female,22.6,0.0,3.9,No Prior Injury,Active,0.1,57.5,58.3,1.03,132.0,1.03,1.3,1.1,1.09,1.49,Low
30,Male,19.3,0.0,4.3,No Prior Injury,Sedentary,2.22,67.8,66.7,1.055,117.3,1.17,1.14,1.22,1.18,1.88,Low
24,Female,28.8,3.2,13.7,No Prior Injury,Moderate,1.57,68.0,65.0,0.989,103.7,1.23,1.24,1.21,1.24,1.43,Low
72,Female,36.4,7.6,71.1,Meniscus Tear,Light,16.04,28.2,43.8,0.656,96.3,0.61,1.16,0.56,0.82,11.02,High
60,Male,30.8,3.5,33.8,Meniscus Tear,Light,6.18,59.2,51.6,1.163,88.9,1.06,0.86,1.0,0.85,4.31,Moderate
62,Female,30.6,5.7,25.0,Meniscus Tear,Moderate,8.83,56.1,47.5,1.256,86.7,1.15,0.99,1.08,0.94,4.95,Moderate
41,Female,27.6,0.9,7.7,No Prior Injury,Moderate,3.63,61.5,60.2,1.009,119.2,1.23,1.38,1.09,1.05,1.77,Low
33,Male,24.7,2.4,1.3,No Prior Injury,Active,1.07,62.9,61.2,0.959,126.8,1.35,1.23,1.22,1.1,2.21,Low
37,Male,27.1,0.6,8.7,No Prior Injury,Active,0.36,64.5,61.8,0.961,119.2,0.98,1.36,1.2,1.26,1.7,Low
48,Male,28.5,5.3,33.7,Meniscus Tear,Active,4.56,38.0,53.7,0.838,79.8,0.79,1.22,0.89,0.94,4.49,Moderate
71,Female,27.8,6.4,72.7,Meniscus Tear,Sedentary,16.55,49.2,40.1,1.536,85.1,1.25,0.77,0.96,0.6,8.08,High
60,Female,39.9,6.4,68.3,Meniscus Tear,Light,13.06,32.6,49.4,0.767,66.0,0.73,1.18,0.71,1.07,4.5,High
68,Female,24.5,3.8,32.1,No Prior Injury,Light,7.1,38.0,47.9,0.827,101.5,1.12,1.0,0.91,1.25,6.59,Moderate
41,Male,24.0,1.5,7.5,No Prior Injury,Moderate,0.65,63.8,63.6,1.023,105.6,1.06,1.2,1.24,1.27,2.16,Low
60,Female,27.6,3.3,39.2,No Prior Injury,Light,8.72,47.3,52.8,0.806,77.8,0.97,1.09,0.94,0.97,4.37,Moderate
47,Male,29.3,3.2,31.0,Meniscus Tear,Active,2.8,44.2,55.1,0.98,108.4,0.89,1.03,0.79,1.14,2.86,Moderate
66,Male,32.6,6.8,44.3,Meniscus Tear,Very Active,10.12,48.6,40.2,1.059,103.5,1.02,0.73,1.19,0.88,3.8,Moderate
63,Male,27.4,4.4,14.0,Fracture,Moderate,5.41,48.3,55.5,0.782,95.1,0.76,1.27,0.82,0.92,5.78,Moderate
31,Female,29.2,1.7,3.4,No Prior Injury,Very Active,1.72,71.5,71.9,1.042,120.8,1.37,1.3,1.05,1.29,1.23,Low
55,Female,26.1,0.1,16.3,No Prior Injury,Active,0.7,58.4,57.2,1.071,125.5,1.16,1.25,1.09,1.2,2.05,Low
20,Female,21.7,3.4,2.8,Meniscus Tear,Active,3.32,57.0,58.8,1.028,115.1,1.15,1.31,1.19,1.04,1.41,Low
57,Male,32.1,2.7,23.3,ACL Tear,Light,5.35,48.6,39.9,1.197,98.2,1.24,0.94,1.14,0.75,3.85,Moderate
38,Female,23.8,2.2,4.5,No Prior Injury,Active,4.5,57.6,59.8,1.036,101.0,1.29,1.04,1.15,1.31,1.33,Low
41,Female,27.9,4.5,27.9,ACL Tear,Light,4.62,57.5,47.7,1.218,89.0,1.15,1.03,1.02,0.89,4.47,Moderate
57,Female,31.2,5.3,43.0,Meniscus Tear,Moderate,7.65,49.8,38.6,1.135,103.4,1.17,1.25,1.13,0.66,3.79,Moderate
23,Female,20.7,1.8,11.3,No Prior Injury,Moderate,2.69,57.8,58.8,0.992,119.5,1.1,1.09,1.17,1.1,1.49,Low
67,Female,28.5,6.8,34.4,No Prior Injury,Light,9.18,55.4,45.0,1.142,92.1,1.0,0.91,1.04,0.8,4.28,Moderate
35,Female,25.4,3.2,4.3,No Prior Injury,Moderate,0.83,62.6,61.3,0.933,111.9,1.35,1.3,1.16,1.18,1.79,Low
46,Female,21.8,2.0,3.9,No Prior Injury,Active,1.96,66.4,64.9,0.948,115.2,1.18,1.19,1.2,1.25,1.81,Low
62,Female,44.0,5.4,67.7,No Prior Injury,Moderate,9.56,31.5,48.9,0.808,78.2,0.57,1.02,0.73,0.93,7.75,High
74,Female,32.1,7.9,57.3,No Prior Injury,Sedentary,7.5,29.5,44.6,0.658,73.0,0.66,1.02,0.41,0.89,6.9,High
75,Female,33.7,3.2,34.4,ACL Tear,Light,9.92,60.0,52.5,1.257,99.0,1.27,0.81,1.11,0.88,2.65,Moderate
35,Female,27.5,1.7,14.3,No Prior Injury,Moderate,1.48,67.1,65.0,1.025,106.6,1.28,1.37,1.1,1.06,1.85,Low
74,Female,41.7,7.6,67.7,Meniscus Tear,Light,14.58,25.2,43.7,0.699,70.4,0.74,1.1,0.52,1.05,7.7,High
32,Female,21.7,0.5,13.2,No Prior Injury,Moderate,2.07,58.2,58.4,0.976,101.8,1.14,1.16,1.2,1.11,1.7,Low
53,Male,33.2,4.4,38.3,ACL Tear,Active,5.2,59.1,48.8,1.11,107.7,0.98,0.91,1.23,0.96,4.48,Moderate
53,Female,31.4,6.8,66.4,No Prior Injury,Sedentary,16.67,38.1,24.0,1.233,72.2,1.13,0.88,1.07,0.62,7.39,High
59,Female,36.0,3.6,37.1,Repetitive Strain,Light,10.29,38.0,48.2,0.823,97.3,0.93,1.06,0.73,1.01,6.35,Moderate
40,Male,21.1,0.5,11.4,No Prior Injury,Moderate,3.92,61.9,58.1,1.001,117.2,1.09,1.29,1.06,1.21,1.32,Low
51,Female,28.3,5.7,41.2,No Prior Injury,Active,10.07,54.3,48.3,1.188,75.5,1.1,1.04,1.13,0.86,4.3,Moderate
47,Female,22.6,0.5,7.5,No Prior Injury,Active,1.43,63.8,63.5,0.957,106.6,1.35,0.97,1.14,1.01,1.56,Low
21,Male,22.7,1.7,10.2,No Prior Injury,Moderate,3.11,63.1,66.8,1.086,116.2,1.04,1.18,1.21,1.1,2.44,Low
46,Male,19.8,3.5,14.0,No Prior Injury,Very Active,2.24,65.2,64.8,0.988,100.2,1.18,1.19,1.25,1.17,0.92,Low
23,Male,22.2,1.7,7.2,No Prior Injury,Moderate,1.82,62.9,60.2,0.999,112.5,1.5,1.22,1.18,1.14,1.22,Low
22,Female,22.8,0.2,5.7,No Prior Injury,Very Active,0.1,66.7,66.6,1.0,107.9,1.27,1.29,0.99,1.09,1.67,Low
64,Male,28.8,4.0,19.1,No Prior Injury,Light,5.71,41.8,51.9,0.858,118.0,0.93,1.28,0.97,0.96,2.73,Moderate
50,Male,36.0,5.8,28.4,Meniscus Tear,Moderate,5.92,56.9,43.3,1.143,87.8,1.13,1.03,1.12,0.97,3.74,Moderate
54,Female,28.8,7.3,49.6,ACL Tear,Moderate,16.89,37.1,29.3,1.248,59.9,1.15,0.73,1.03,0.55,6.25,High
49,Male,23.2,1.5,6.3,No Prior Injury,Light,1.91,72.0,72.0,0.994,116.3,1.33,1.36,1.25,1.22,1.64,Low
74,Female,33.5,8.6,79.7,ACL Tear,Light,13.81,52.0,46.9,1.548,80.2,1.21,0.64,0.95,0.46,8.99,High
28,Male,25.0,0.4,5.2,No Prior Injury,Light,0.93,58.0,62.7,1.001,106.4,1.27,1.23,1.13,1.2,2.18,Low
61,Female,30.2,5.8,60.7,No Prior Injury,Sedentary,17.39,50.4,36.8,1.334,78.2,1.13,0.69,0.81,0.76,7.87,High
47,Male,27.5,3.7,23.5,Meniscus Tear,Sedentary,2.8,56.5,47.6,1.257,109.6,1.31,1.03,1.02,1.04,4.96,Moderate
42,Female,28.7,4.5,24.7,ACL Tear,Active,8.32,41.1,49.7,0.864,83.3,1.25,1.36,0.7,1.01,6.22,Moderate
44,Female,20.4,0.7,12.1,Meniscus Tear,Moderate,1.79,58.5,59.3,0.976,120.7,1.29,1.01,1.18,1.1,2.07,Low
48,Female,32.5,2.0,23.7,ACL Tear,Moderate,5.83,45.2,52.3,0.917,98.1,1.12,1.03,0.86,1.17,3.58,Moderate
57,Female,31.6,5.1,35.2,No Prior Injury,Light,3.86,40.7,47.3,0.843,106.5,1.24,1.24,0.9,1.04,3.71,Moderate
38,Male,23.7,0.9,6.1,No Prior Injury,Light,0.1,58.0,56.8,0.956,99.4,1.28,1.19,1.1,1.05,0.8,Low
54,Female,36.0,5.0,27.6,Meniscus Tear,Active,8.19,52.0,61.0,0.947,91.5,1.01,1.06,0.87,0.97,4.64,Moderate
20,Male,29.6,2.1,9.8,No Prior Injury,Moderate,0.12,59.0,58.5,0.943,113.2,1.31,1.29,1.22,1.17,1.53,Low
58,Female,28.8,0.2,6.7,No Prior Injury,Active,1.45,59.2,59.7,0.93,102.5,1.05,1.21,1.21,1.28,1.84,Low
32,Female,22.7,2.5,17.7,No Prior Injury,Light,1.46,59.9,59.4,1.015,108.9,1.27,1.24,1.06,1.14,1.18,Low
21,Male,21.7,0.5,12.9,No Prior Injury,Light,0.22,72.0,72.0,1.047,104.0,1.13,1.13,1.27,1.09,1.17,Low
27,Female,26.7,2.3,7.6,No Prior Injury,Moderate,2.65,61.7,61.7,0.988,113.8,1.2,1.37,1.07,1.12,1.58,Low
20,Female,23.8,0.4,7.0,No Prior Injury,Light,0.64,66.3,69.2,0.998,106.3,1.1,1.06,1.01,1.16,2.05,Low
29,Male,29.8,3.5,12.5,No Prior Injury,Active,1.64,62.5,64.8,1.0,117.5,1.03,1.28,1.09,1.29,2.11,Low
53,Female,23.3,0.0,6.0,Repetitive Strain,Moderate,0.9,63.0,62.2,1.028,114.0,1.19,1.11,1.23,1.2,1.75,Low
70,Male,25.0,5.8,22.5,Meniscus Tear,Sedentary,10.96,47.7,55.5,0.962,95.8,0.67,1.19,0.66,1.09,4.39,Moderate
29,Female,20.2,0.8,11.6,ACL Tear,Active,2.17,62.5,64.0,1.015,112.1,1.04,1.26,1.35,1.11,1.44,Low
38,Male,23.5,2.2,2.8,No Prior Injury,Active,0.1,64.0,64.3,0.988,101.2,1.17,1.19,1.23,1.16,1.9,Low
54,Male,26.8,3.9,30.0,Repetitive Strain,Light,3.93,54.3,45.8,1.087,106.2,1.38,0.78,0.98,0.88,3.18,Moderate
76,Male,28.1,3.8,49.7,No Prior Injury,Moderate,5.3,43.4,52.1,0.888,98.4,0.98,1.24,0.86,0.89,4.68,Moderate
31,Female,24.3,3.4,1.8,No Prior Injury,Active,2.98,61.1,61.3,0.994,119.7,1.47,1.18,1.03,1.13,3.09,Low
77,Female,25.8,9.5,73.4,Meniscus Tear,Light,10.41,44.6,28.9,1.244,75.4,1.01,0.63,0.89,0.54,9.72,High
49,Female,36.0,2.5,17.1,Meniscus Tear,Light,5.33,46.4,58.7,0.915,93.3,0.97,1.27,0.83,1.14,3.77,Moderate
32,Male,23.9,0.0,12.9,No Prior Injury,Light,0.12,64.5,60.9,1.072,117.7,1.19,1.3,1.24,1.2,1.01,Low
68,Female,34.8,8.7,64.5,ACL Tear,Sedentary,17.18,40.3,29.6,1.357,88.5,0.99,0.76,0.78,0.74,10.03,High
54,Male,26.2,0.6,7.9,No Prior Injury,Very Active,0.78,69.1,65.6,1.032,118.1,1.36,1.29,0.98,1.13,1.22,Low
56,Male,24.8,3.0,31.2,No Prior Injury,Sedentary,6.52,56.7,47.5,1.222,95.9,1.29,0.76,1.01,0.92,3.42,Moderate
58,Male,29.5,3.0,22.2,Meniscus Tear,Moderate,5.73,48.0,54.3,0.876,82.3,0.9,1.17,0.75,1.01,4.67,Moderate
64,Male,30.0,8.5,62.6,Meniscus Tear,Light,10.16,25.0,39.2,0.68,61.9,0.79,0.93,0.63,1.05,8.5,High
47,Female,32.9,4.3,26.9,No Prior Injury,Light,9.52,38.0,49.7,0.729,95.3,1.05,1.24,0.99,1.05,3.21,Moderate
44,Male,26.7,0.9,11.5,No Prior Injury,Active,2.39,57.7,58.6,0.954,120.8,1.21,1.37,1.1,1.05,1.57,Low
46,Female,33.7,3.9,35.1,Repetitive Strain,Light,10.74,62.0,54.7,1.16,96.7,1.3,0.95,1.26,1.0,4.81,Moderate
44,Male,30.0,1.8,8.3,No Prior Injury,Active,0.1,61.3,62.7,0.95,104.4,1.31,1.14,1.2,1.02,2.68,Low
38,Male,18.5,0.7,4.3,No Prior Injury,Active,1.02,61.7,63.3,0.986,114.6,1.31,1.36,1.15,1.29,2.25,Low
75,Female,24.5,8.0,61.4,Meniscus Tear,Moderate,12.19,46.3,32.6,1.153,55.0,0.88,0.87,0.99,0.47,9.19,High
73,Female,39.7,7.1,67.9,No Prior Injury,Sedentary,13.67,36.6,48.2,0.673,85.5,0.71,0.99,0.67,1.12,9.64,High
71,Female,27.5,7.5,61.8,Meniscus Tear,Light,12.88,44.6,24.0,1.332,80.6,1.12,0.71,1.09,0.62,8.53,High
61,Male,25.8,3.6,14.0,Repetitive Strain,Moderate,3.8,56.0,44.7,1.093,90.1,1.18,0.87,0.98,0.93,4.06,Moderate
51,Male,24.1,1.6,18.9,No Prior Injury,Sedentary,0.1,58.7,58.9,1.017,116.2,1.19,1.24,1.34,1.3,2.02,Low
47,Male,24.2,3.9,27.6,Meniscus Tear,Light,5.09,42.1,51.0,0.928,104.0,0.88,1.21,0.99,1.13,3.27,Moderate
35,Male,24.6,0.9,15.8,No Prior Injury,Sedentary,1.0,53.6,53.4,0.989,112.5,1.3,1.08,1.1,1.21,1.17,Low
32,Male,20.9,1.6,0.0,No Prior Injury,Moderate,1.59,58.5,59.9,1.018,107.4,1.1,1.55,1.14,1.11,1.86,Low
54,Male,30.9,4.1,42.0,No Prior Injury,Light,9.42,42.1,54.5,0.851,102.3,0.89,1.03,1.05,1.13,3.18,Moderate
49,Male,30.0,2.4,19.4,No Prior Injury,Moderate,2.57,61.1,60.4,1.033,119.3,1.1,1.4,1.2,1.27,1.13,Low
27,Female,18.5,0.9,13.8,No Prior Injury,Moderate,1.28,63.9,61.8,0.993,109.9,1.21,1.23,1.17,1.13,1.17,Low
52,Male,29.2,3.2,23.7,Meniscus Tear,Moderate,6.98,52.9,43.4,1.243,95.4,1.1,0.97,0.99,0.75,5.9,Moderate
56,Male,23.6,0.0,1.8,No Prior Injury,Moderate,2.44,63.6,61.4,0.998,111.9,1.32,1.3,1.13,1.15,1.61,Low
27,Female,23.1,0.9,0.9,No Prior Injury,Moderate,0.19,60.8,60.6,0.961,117.0,1.25,1.14,1.35,1.18,1.72,Low
56,Female,29.1,5.9,25.1,ACL Tear,Sedentary,4.28,38.0,47.5,0.88,115.4,0.96,1.22,0.89,1.06,3.73,Moderate
47,Female,33.2,5.1,44.7,No Prior Injury,Light,5.13,57.1,46.5,1.144,88.9,1.3,0.93,0.98,1.0,5.59,Moderate
36,Male,21.2,0.1,9.7,No Prior Injury,Sedentary,2.7,63.4,63.8,1.03,96.7,1.38,1.25,1.11,1.13,1.78,Low
68,Female,26.2,7.3,51.5,ACL Tear,Sedentary,12.1,24.0,36.8,0.743,68.7,0.53,1.16,0.59,0.97,8.46,High
51,Female,18.5,0.2,15.4,No Prior Injury,Moderate,0.23,61.9,62.7,1.056,107.5,1.23,1.07,1.08,1.23,2.61,Low
25,Female,28.8,0.0,5.3,Fracture,Active,0.23,63.5,62.0,1.006,109.1,1.24,1.27,1.0,1.02,2.17,Low
53,Female,21.6,4.2,33.1,Meniscus Tear,Active,2.8,57.1,45.5,1.157,95.6,1.09,0.97,0.81,0.95,4.22,Moderate
28,Male,18.7,1.8,13.2,No Prior Injury,Moderate,3.83,60.7,63.0,0.975,112.4,1.26,1.19,1.03,1.17,1.77,Low
74,Male,29.6,4.3,33.0,Meniscus Tear,Moderate,3.86,57.7,46.1,1.158,95.6,1.13,0.67,0.99,0.93,3.78,Moderate
32,Female,24.2,0.0,3.6,No Prior Injury,Active,0.64,67.5,65.6,0.986,116.7,1.36,1.32,1.2,1.24,2.38,Low
52,Female,27.7,0.0,3.0,No Prior Injury,Active,4.14,62.7,62.2,1.015,100.0,1.25,1.18,1.18,1.07,1.29,Low
70,Male,32.2,6.8,24.3,Meniscus Tear,Moderate,7.79,53.1,58.1,0.809,105.8,1.11,1.0,0.84,0.97,4.32,Moderate
48,Male,31.1,4.7,32.4,No Prior Injury,Very Active,6.76,60.7,50.3,1.112,87.3,0.96,0.81,1.13,0.85,3.8,Moderate
62,Female,27.9,7.0,42.1,Repetitive Strain,Light,15.52,39.3,49.1,0.614,89.0,0.64,0.83,0.6,0.81,8.5,High
55,Male,27.3,4.9,40.2,ACL Tear,Active,2.8,50.6,41.7,1.186,108.2,1.28,0.94,1.01,0.79,5.26,Moderate
20,Female,28.0,0.0,9.7,No Prior Injury,Light,3.52,62.2,65.2,0.976,115.5,1.3,1.17,1.09,1.13,1.35,Low
42,Female,21.9,0.2,6.6,ACL Tear,Light,0.56,64.2,66.4,1.025,117.5,1.11,1.36,1.17,1.11,1.87,Low
49,Male,22.7,5.7,27.9,ACL Tear,Sedentary,6.66,56.4,45.5,1.112,92.4,0.89,0.86,1.13,1.04,4.11,Moderate
20,Male,26.3,1.1,12.9,No Prior Injury,Moderate,0.8,65.3,63.3,0.9,107.6,1.29,1.09,1.17,1.14,2.09,Low
52,Male,26.1,7.6,74.4,No Prior Injury,Light,14.22,48.2,32.1,1.511,77.8,1.14,0.64,0.88,0.62,8.88,High
31,Male,24.1,0.8,0.0,No Prior Injury,Light,0.49,56.3,54.1,1.03,112.7,1.1,1.21,1.08,1.17,2.47,Low
30,Female,21.4,0.5,6.1,No Prior Injury,Active,1.7,61.5,65.6,1.037,118.6,1.29,1.26,1.24,1.31,1.32,Low
69,Female,43.4,7.3,50.0,Repetitive Strain,Sedentary,9.8,43.9,27.8,1.367,74.8,1.06,0.95,0.91,0.49,4.71,High
54,Male,20.6,0.0,6.7,No Prior Injury,Sedentary,1.11,72.0,72.0,0.958,97.0,1.15,1.25,1.28,1.24,1.91,Low
20,Male,20.7,0.7,9.7,No Prior Injury,Very Active,0.29,72.0,72.0,0.994,114.4,1.1,1.39,1.04,1.16,1.25,Low
20,Female,26.2,0.4,4.4,No Prior Injury,Light,0.1,66.0,63.4,0.998,120.6,1.27,1.26,1.05,1.16,2.32,Low
47,Male,23.5,2.1,7.0,Meniscus Tear,Active,2.94,57.3,57.4,0.941,105.5,1.14,1.2,1.08,0.99,2.81,Low
33,Male,23.5,1.4,14.5,No Prior Injury,Light,0.53,65.8,66.3,1.019,120.7,1.22,1.39,0.96,1.21,1.38,Low
54,Female,22.1,2.4,41.4,Meniscus Tear,Light,9.87,53.6,38.0,1.252,110.4,1.16,0.83,1.0,0.65,3.18,Moderate
34,Female,18.5,1.6,12.3,No Prior Injury,Active,3.54,60.8,63.6,1.016,115.2,1.21,1.29,1.13,1.19,0.85,Low
58,Male,20.3,1.4,9.2,No Prior Injury,Very Active,0.81,58.4,57.5,1.039,121.5,1.51,1.3,1.18,1.16,1.62,Low
50,Female,23.2,2.9,26.5,No Prior Injury,Moderate,6.2,49.1,38.0,1.031,85.5,1.08,1.01,0.9,0.85,3.28,Moderate
48,Female,31.4,2.6,30.2,Fracture,Light,7.78,57.1,47.4,1.091,86.4,1.2,0.97,0.94,0.93,5.05,Moderate
55,Female,31.5,5.5,28.7,Meniscus Tear,Sedentary,3.29,60.2,48.5,1.266,78.5,1.06,0.95,1.08,0.88,2.72,Moderate
58,Male,24.7,4.0,19.8,Repetitive Strain,Moderate,7.26,52.9,42.8,1.239,111.2,1.24,0.93,0.97,0.85,2.2,Moderate
28,Female,26.8,1.9,6.1,No Prior Injury,Active,1.17,60.6,61.1,0.988,118.4,1.09,1.13,1.05,1.23,2.66,Low
22,Female,25.4,2.0,8.2,No Prior Injury,Moderate,0.77,64.4,67.0,0.99,108.3,1.3,1.13,1.24,1.04,1.27,Low
40,Female,18.8,1.7,18.6,No Prior Injury,Moderate,1.66,69.3,67.6,0.998,116.5,1.26,1.29,1.07,1.16,1.09,Low
79,Female,34.7,9.2,62.1,ACL Tear,Sedentary,7.5,24.0,41.3,0.779,72.3,0.65,1.1,0.59,0.89,6.31,High
56,Male,35.4,4.8,40.9,Fracture,Active,4.77,48.3,56.0,0.904,100.2,0.96,1.4,1.06,1.1,3.9,Moderate
65,Female,36.9,7.0,61.3,ACL Tear,Sedentary,13.04,43.5,31.0,1.158,70.3,1.13,0.67,0.83,0.71,10.9,High
39,Male,30.0,0.0,4.6,No Prior Injury,Moderate,0.1,66.6,64.4,0.994,105.9,1.14,1.27,1.04,1.1,1.3,Low
66,Female,28.0,8.8,77.9,No Prior Injury,Sedentary,12.72,48.7,39.3,1.203,98.0,1.04,0.82,0.88,0.59,10.07,High
83,Female,38.2,7.7,53.9,ACL Tear,Sedentary,15.58,42.1,26.2,1.38,71.9,1.05,0.56,1.07,0.83,6.48,High
55,Male,27.0,4.9,28.9,No Prior Injury,Light,5.83,43.9,52.6,0.814,90.9,0.91,1.13,0.86,0.97,5.87,Moderate
30,Male,22.3,0.5,8.7,ACL Tear,Very Active,0.43,60.3,58.8,1.072,105.2,1.18,1.14,1.31,1.19,1.33,Low
32,Male,23.2,2.9,17.2,No Prior Injury,Moderate,0.17,58.5,61.3,1.032,118.9,1.11,1.12,0.89,1.07,2.28,Low
55,Female,39.1,9.2,58.3,ACL Tear,Light,17.0,32.4,42.4,0.688,71.7,0.73,1.09,0.66,1.09,8.17,High
32,Female,25.5,2.8,0.0,No Prior Injury,Sedentary,3.6,64.3,66.4,0.951,123.6,1.25,1.18,1.12,1.21,1.51,Low
27,Male,23.7,1.9,8.3,No Prior Injury,Active,2.17,62.4,62.4,0.952,126.3,1.25,1.22,1.07,1.4,1.26,Low
41,Male,26.7,0.4,7.9,No Prior Injury,Moderate,0.1,58.4,56.0,1.009,112.0,1.17,1.31,1.23,1.0,1.42,Low
66,Female,30.8,6.8,52.0,ACL Tear,Sedentary,13.31,31.7,45.9,0.513,63.0,0.6,0.96,0.56,1.03,6.71,High
33,Female,23.6,1.4,6.6,No Prior Injury,Moderate,2.15,62.2,60.8,1.019,116.4,1.36,1.18,1.07,1.11,1.32,Low
29,Male,27.8,0.0,3.5,ACL Tear,Light,4.5,64.6,64.9,1.02,114.3,1.05,1.13,1.23,1.13,1.54,Low
51,Male,22.9,5.2,30.2,No Prior Injury,Moderate,4.74,48.1,38.0,1.102,91.7,0.97,0.93,1.09,1.09,4.86,Moderate
44,Female,29.6,5.7,27.4,No Prior Injury,Light,2.82,49.1,61.7,0.861,88.8,0.91,1.21,0.75,0.87,3.72,Moderate
40,Male,27.6,1.7,8.7,No Prior Injury,Active,3.23,58.2,57.1,1.07,102.0,1.18,1.17,1.23,1.11,2.42,Low
29,Male,23.8,0.0,7.7,Fracture,Active,1.66,51.0,53.5,1.082,112.2,1.18,1.22,1.27,1.08,1.4,Low
64,Female,26.4,5.4,44.6,Repetitive Strain,Sedentary,6.77,51.9,62.0,0.862,101.7,0.91,1.19,0.81,1.04,3.53,Moderate
41,Male,22.3,0.9,6.4,No Prior Injury,Active,1.11,65.0,67.3,0.984,95.7,1.15,1.05,1.12,1.14,2.64,Low
54,Female,27.9,4.7,32.7,Meniscus Tear,Active,5.05,50.9,40.1,1.192,78.1,1.08,0.88,0.99,0.85,5.49,Moderate
30,Male,20.9,2.1,11.8,No Prior Injury,Active,2.0,60.8,59.6,0.992,115.3,1.19,1.39,1.14,1.2,2.53,Low
49,Female,25.0,0.3,3.6,No Prior Injury,Moderate,2.05,66.9,68.6,0.983,103.2,1.21,1.38,0.99,0.95,1.84,Low
65,Female,33.7,4.4,40.5,ACL Tear,Sedentary,5.04,62.0,48.9,1.264,85.1,1.08,1.08,0.99,0.96,3.66,Moderate
50,Male,28.8,3.1,30.2,No Prior Injury,Light,5.33,40.3,50.6,0.814,106.2,1.0,1.09,0.96,1.12,5.36,Moderate
52,Female,35.0,2.0,26.1,ACL Tear,Active,7.11,48.5,60.2,0.791,84.6,0.83,0.97,0.91,1.01,4.36,Moderate
71,Female,30.7,6.0,56.2,Meniscus Tear,Sedentary,15.63,38.0,52.0,0.79,80.1,0.73,1.35,0.4,1.01,7.92,High
59,Male,28.6,4.2,27.6,ACL Tear,Moderate,5.74,58.5,47.5,1.024,99.9,1.07,0.96,0.93,0.79,3.92,Moderate
56,Female,28.7,3.2,34.8,ACL Tear,Very Active,3.51,38.8,47.0,0.791,89.9,1.06,1.1,0.86,1.16,4.42,Moderate
47,Female,22.6,1.8,11.0,No Prior Injury,Sedentary,0.77,62.8,64.2,1.0,120.7,1.3,1.24,1.22,1.27,2.08,Low
31,Female,26.3,2.7,17.0,No Prior Injury,Active,1.6,59.3,59.0,0.921,128.4,1.14,1.22,1.13,1.17,2.21,Low
60,Male,29.3,4.7,30.2,Repetitive Strain,Light,5.74,38.0,46.9,0.818,88.3,0.98,1.14,1.01,0.92,3.92,Moderate
59,Female,21.7,1.5,12.0,No Prior Injury,Sedentary,1.1,62.8,66.9,1.005,109.1,1.27,1.11,1.06,1.25,1.47,Low
45,Male,23.3,0.0,5.5,ACL Tear,Moderate,1.43,58.5,57.5,0.987,128.0,1.22,1.28,1.2,1.05,1.37,Low
61,Male,27.9,4.9,45.4,No Prior Injury,Sedentary,8.22,41.7,52.4,0.713,106.7,0.96,1.24,0.97,1.13,5.73,Moderate
39,Female,25.2,4.2,33.6,Fracture,Active,4.6,55.5,45.1,1.249,109.5,1.0,0.66,1.21,0.89,4.93,Moderate
72,Female,33.9,4.9,25.8,Meniscus Tear,Sedentary,7.74,54.3,45.1,1.3,100.4,1.26,0.89,1.09,0.87,3.06,Moderate
66,Female,35.7,8.2,67.4,No Prior Injury,Light,13.95,44.0,32.6,1.354,84.0,0.98,0.73,1.06,0.63,5.27,High
47,Female,22.6,2.5,2.4,No Prior Injury,Active,1.0,53.3,55.9,0.986,110.2,1.28,1.18,1.12,1.11,1.49,Low
52,Male,21.0,5.0,26.4,No Prior Injury,Moderate,8.33,55.2,44.8,1.225,94.9,0.99,0.88,1.11,0.92,2.81,Moderate
31,Male,24.1,0.6,6.9,No Prior Injury,Very Active,0.1,59.6,58.6,1.069,116.3,1.21,1.37,1.15,1.16,1.78,Low
55,Female,26.6,3.3,41.8,Meniscus Tear,Sedentary,7.8,59.7,50.7,1.154,114.6,1.06,0.97,1.13,0.96,5.47,Moderate
58,Male,23.1,2.9,26.0,Meniscus Tear,Light,7.36,53.8,47.0,1.081,99.9,1.1,0.83,1.18,1.0,3.93,Moderate
59,Female,31.1,4.3,33.8,No Prior Injury,Sedentary,7.88,49.4,42.3,1.02,108.9,0.85,0.97,1.09,0.88,4.04,Moderate
26,Male,22.4,1.6,0.0,No Prior Injury,Very Active,0.2,61.0,60.9,0.949,103.3,1.51,1.42,1.15,1.16,1.48,Low
61,Male,36.9,9.9,79.0,Fracture,Sedentary,18.5,49.1,33.4,1.303,68.2,1.16,0.81,0.99,0.67,6.89,High
55,Male,30.0,3.6,26.2,Meniscus Tear,Sedentary,5.6,49.7,55.1,0.915,116.6,0.94,1.28,0.85,0.99,6.37,Moderate
66,Male,28.4,7.8,39.7,ACL Tear,Sedentary,12.41,31.3,49.5,0.673,82.5,0.59,1.08,0.55,1.01,5.76,High
43,Female,27.6,3.3,2.4,No Prior Injury,Moderate,1.82,59.9,61.9,0.966,129.4,1.23,1.25,1.2,1.14,2.65,Low
29,Female,27.0,1.8,16.2,Fracture,Sedentary,2.01,58.6,60.6,0.953,104.0,1.37,1.43,1.19,1.24,1.68,Low
67,Female,26.4,8.1,48.0,No Prior Injury,Sedentary,16.46,24.0,37.4,0.822,67.1,0.83,0.94,0.46,0.98,4.96,High
49,Female,36.0,4.6,19.5,Repetitive Strain,Light,6.77,53.7,43.7,1.082,97.6,0.98,1.0,1.22,0.81,6.8,Moderate
64,Male,25.6,4.0,45.0,No Prior Injury,Light,4.25,49.9,38.0,1.174,96.6,1.24,1.14,1.13,0.87,3.87,Moderate
53,Female,27.7,3.8,30.4,No Prior Injury,Light,6.59,44.6,55.9,0.909,98.9,1.06,1.02,0.94,0.93,4.12,Moderate
48,Female,23.4,0.0,5.1,No Prior Injury,Very Active,0.35,70.0,67.0,1.016,116.0,1.28,1.18,1.09,1.14,2.39,Low
42,Female,18.5,0.4,0.0,Repetitive Strain,Moderate,0.45,58.6,59.8,1.026,123.4,1.21,1.32,0.98,1.2,1.4,Low
59,Female,29.6,5.7,18.2,ACL Tear,Light,4.94,49.2,53.0,0.885,95.9,0.86,1.1,0.86,1.07,3.62,Moderate
54,Male,27.9,6.6,52.1,Repetitive Strain,Light,14.06,34.3,44.4,0.528,82.5,0.78,1.01,0.55,0.83,7.62,High
22,Female,23.1,1.1,6.8,No Prior Injury,Light,4.5,60.0,61.4,0.972,125.4,1.06,1.37,1.13,1.22,1.84,Low
25,Male,18.5,1.1,10.1,No Prior Injury,Light,0.75,60.8,60.3,1.007,106.6,1.37,1.12,1.19,1.25,2.04,Low
34,Male,23.4,0.5,8.0,No Prior Injury,Very Active,0.17,62.2,58.1,1.033,109.8,1.22,1.32,1.18,1.19,2.28,Low
63,Male,38.7,6.6,80.3,Repetitive Strain,Sedentary,15.34,40.7,28.8,1.251,70.5,0.92,0.73,1.03,0.64,8.22,High
29,Male,22.2,1.5,4.6,No Prior Injury,Very Active,1.96,63.0,61.8,1.003,119.3,1.26,1.45,1.02,1.09,1.74,Low
70,Male,39.8,7.6,52.2,No Prior Injury,Sedentary,15.91,39.3,50.7,0.84,77.1,0.54,1.35,0.62,0.78,4.5,High
30,Female,20.7,1.0,11.5,Meniscus Tear,Moderate,0.97,62.7,64.6,1.011,122.9,1.12,0.95,1.17,1.3,2.42,Low
54,Male,27.0,4.5,34.0,No Prior Injury,Light,9.08,49.4,38.0,1.22,102.3,1.25,1.14,1.1,0.88,6.44,Moderate
24,Male,20.3,0.2,5.1,No Prior Injury,Very Active,0.79,68.1,72.0,1.039,105.8,1.27,1.19,1.17,1.28,2.1,Low
78,Female,26.4,7.6,57.5,Meniscus Tear,Moderate,10.28,24.0,39.0,0.737,90.9,0.76,1.14,0.35,0.94,8.34,High
62,Male,30.5,4.1,51.2,No Prior Injury,Moderate,8.2,48.8,54.7,0.751,76.0,1.0,1.21,0.86,1.25,3.47,Moderate
31,Male,24.2,1.4,12.2,No Prior Injury,Light,1.63,70.2,67.7,1.026,104.2,1.33,1.36,1.08,1.23,2.01,Low
48,Male,19.3,0.1,12.4,No Prior Injury,Active,0.55,58.5,61.3,0.998,106.2,1.16,1.27,1.03,1.12,1.97,Low
59,Male,28.7,6.0,27.7,No Prior Injury,Active,2.91,53.6,44.3,1.141,75.9,1.15,0.95,1.07,0.64,4.93,Moderate
47,Male,27.2,4.9,43.1,No Prior Injury,Sedentary,10.52,59.7,47.3,1.259,96.5,1.0,0.96,1.09,0.84,2.97,Moderate
43,Male,25.5,2.2,10.2,No Prior Injury,Moderate,0.92,59.9,58.9,1.009,98.1,1.2,1.13,1.16,1.23,2.12,Low
40,Male,29.9,1.1,9.0,No Prior Injury,Moderate,3.11,61.5,61.1,1.041,122.3,1.28,1.27,1.17,1.18,1.83,Low
49,Male,24.1,1.9,13.4,No Prior Injury,Active,0.87,59.2,56.8,1.012,118.7,1.19,1.33,0.91,1.08,1.34,Low
57,Male,28.6,3.1,32.6,No Prior Injury,Active,2.97,51.6,38.0,1.235,88.5,1.2,1.16,1.04,0.83,3.96,Moderate
56,Male,35.6,8.8,53.9,ACL Tear,Light,14.29,36.2,48.8,0.609,82.4,0.78,1.16,0.55,1.13,6.72,High
43,Male,27.7,1.5,13.4,Repetitive Strain,Active,0.29,70.1,70.1,0.978,108.1,0.98,1.28,1.07,1.0,2.18,Low
80,Female,31.8,7.3,51.9,Meniscus Tear,Sedentary,11.62,49.8,40.5,1.385,63.3,1.21,0.59,0.75,0.69,6.82,High
69,Male,23.9,4.8,18.4,ACL Tear,Moderate,10.59,46.3,52.9,0.779,96.9,0.89,1.11,0.99,1.01,2.71,Moderate
39,Male,26.7,1.0,14.6,No Prior Injury,Moderate,2.56,55.9,54.4,0.955,115.1,1.13,1.35,1.14,1.15,1.66,Low
63,Male,25.0,2.0,19.1,Meniscus Tear,Active,8.47,61.3,50.7,1.083,109.9,1.14,0.78,1.02,0.86,5.3,Moderate
79,Female,38.1,9.1,92.0,Meniscus Tear,Light,10.22,50.6,30.1,1.408,75.5,0.96,0.53,0.91,0.73,9.1,High
44,Female,22.9,0.0,9.4,No Prior Injury,Active,1.65,63.3,59.1,1.028,107.2,1.42,1.44,1.08,1.09,2.23,Low
23,Male,28.8,2.3,6.6,No Prior Injury,Sedentary,1.58,62.6,62.9,0.961,100.0,1.32,1.31,1.29,1.07,2.15,Low
57,Male,29.7,6.4,23.7,No Prior Injury,Active,8.52,51.1,56.4,0.887,94.2,0.96,1.33,0.88,0.79,2.37,Moderate
61,Female,30.1,4.7,40.0,Repetitive Strain,Light,6.74,45.7,59.3,0.776,108.8,0.83,0.97,0.83,1.07,6.15,Moderate
67,Male,36.1,9.3,48.5,ACL Tear,Active,17.12,36.3,46.1,0.84,79.2,0.69,1.13,0.43,1.14,7.44,High
62,Male,29.4,4.0,27.4,No Prior Injury,Light,4.18,54.9,44.4,1.181,95.6,1.1,0.85,0.98,0.88,4.06,Moderate
44,Male,21.2,1.5,5.1,No Prior Injury,Moderate,0.97,68.5,71.4,1.051,104.0,1.35,1.17,0.98,1.1,2.0,Low
32,Male,23.6,0.1,6.4,No Prior Injury,Very Active,1.24,60.9,59.2,0.992,116.9,1.27,1.18,1.17,1.2,0.8,Low
76,Female,26.2,7.5,57.2,No Prior Injury,Sedentary,7.5,32.5,48.7,0.695,84.3,0.82,0.95,0.68,0.97,6.44,High
57,Male,21.2,4.4,45.9,No Prior Injury,Moderate,7.4,41.8,52.7,0.875,78.4,0.78,1.27,0.83,1.09,5.03,Moderate
58,Male,29.9,5.9,18.2,No Prior Injury,Light,6.0,56.6,48.5,1.176,107.0,1.12,1.01,1.2,0.75,4.89,Moderate
68,Female,35.2,5.4,25.5,ACL Tear,Active,5.77,45.5,55.0,0.98,104.9,0.91,1.33,0.91,1.13,3.93,Moderate
52,Female,25.9,4.7,37.8,No Prior Injury,Light,6.81,51.6,38.0,1.042,101.6,0.9,0.86,1.01,0.6,4.23,Moderate
49,Female,23.1,3.7,26.8,No Prior Injury,Active,5.57,52.8,43.9,1.083,109.6,0.99,0.95,1.14,0.82,2.77,Moderate
67,Male,35.4,8.7,42.1,ACL Tear,Sedentary,17.0,37.9,24.0,1.316,84.7,1.09,0.86,1.05,0.69,6.93,High
49,Male,25.8,0.4,14.9,No Prior Injury,Moderate,1.15,57.2,58.2,0.98,99.6,1.26,1.13,1.19,1.06,2.57,Low
59,Male,30.7,4.0,36.7,Repetitive Strain,Moderate,5.11,53.2,56.7,0.98,75.0,0.89,1.36,0.92,1.08,3.38,Moderate
35,Male,23.9,1.0,14.3,No Prior Injury,Very Active,3.3,62.3,61.9,1.004,101.8,1.13,1.24,1.18,1.11,1.56,Low
63,Female,30.0,4.9,37.2,Meniscus Tear,Light,6.74,40.3,50.1,0.783,96.6,0.98,1.15,0.69,1.21,4.52,Moderate
40,Female,21.3,1.8,2.5,No Prior Injury,Moderate,0.27,60.0,61.9,0.966,116.3,1.18,1.34,1.04,1.18,1.36,Low
61,Female,32.0,5.4,30.9,Fracture,Light,5.38,49.5,58.6,0.959,101.1,1.1,1.41,0.9,0.95,4.58,Moderate
58,Female,31.2,5.7,24.4,ACL Tear,Light,9.14,42.1,55.2,0.797,82.7,1.18,1.19,0.93,1.13,4.36,Moderate
36,Male,22.5,1.1,8.9,No Prior Injury,Active,0.27,68.7,69.4,1.038,105.5,1.29,1.17,1.23,1.15,1.95,Low
70,Female,35.0,5.8,23.1,Meniscus Tear,Light,5.51,55.4,44.6,1.082,98.2,1.36,1.06,1.13,0.9,6.38,Moderate
57,Female,30.5,5.8,34.3,No Prior Injury,Active,8.05,45.0,59.8,0.958,97.4,0.88,1.25,1.02,1.04,3.18,Moderate
35,Male,30.4,4.4,19.4,No Prior Injury,Light,8.47,57.2,52.5,1.213,104.0,1.17,0.87,0.96,0.84,3.58,Moderate
31,Male,23.3,2.0,7.7,No Prior Injury,Moderate,1.12,57.3,62.7,0.957,122.0,1.34,1.15,1.05,1.17,1.38,Low
66,Male,24.0,4.6,36.7,Meniscus Tear,Sedentary,5.16,40.7,49.4,0.88,89.8,0.83,1.2,0.83,1.12,3.28,Moderate
65,Female,20.4,1.2,6.3,No Prior Injury,Moderate,1.27,51.8,55.4,1.045,107.9,1.32,1.38,1.31,1.12,0.8,Low
52,Male,31.3,5.5,17.6,No Prior Injury,Moderate,9.81,47.8,39.2,1.093,99.0,1.19,1.1,1.08,1.01,4.55,Moderate
60,Male,25.3,5.9,21.0,ACL Tear,Moderate,9.21,53.0,60.7,0.87,88.2,1.04,1.04,1.04,1.08,3.59,Moderate
37,Male,23.0,1.5,8.9,No Prior Injury,Light,0.85,71.1,67.1,1.028,108.0,1.28,1.27,1.13,1.07,1.45,Low
38,Female,25.6,0.4,6.7,No Prior Injury,Sedentary,0.97,62.2,63.9,1.016,112.3,1.38,1.32,1.15,1.16,1.95,Low
60,Male,24.0,5.7,36.5,No Prior Injury,Sedentary,7.09,41.6,54.1,0.772,86.5,1.0,1.19,0.98,1.2,3.42,Moderate
60,Female,28.1,1.9,27.7,Meniscus Tear,Sedentary,5.81,42.0,54.7,0.849,88.1,0.93,1.13,0.99,1.06,5.23,Moderate
67,Female,33.8,4.8,22.7,No Prior Injury,Sedentary,7.0,38.3,48.0,0.914,104.6,0.87,1.11,0.91,1.05,4.02,Moderate
65,Female,30.3,5.8,70.1,ACL Tear,Sedentary,14.41,24.0,40.5,0.708,81.7,0.85,1.08,0.35,0.87,7.34,High
44,Male,23.4,2.6,14.6,No Prior Injury,Light,1.05,67.5,65.5,1.077,99.8,1.13,1.33,1.17,1.26,1.79,Low
43,Female,21.1,2.2,16.0,No Prior Injury,Active,2.59,55.1,55.6,1.042,107.1,1.33,1.24,1.13,1.16,1.6,Low
53,Female,34.1,8.1,86.7,ACL Tear,Light,12.74,46.8,30.8,1.339,77.0,0.94,0.65,0.96,0.69,8.05,High
34,Female,21.3,1.9,4.0,No Prior Injury,Active,1.21,56.7,54.8,0.941,106.1,1.37,1.34,1.17,1.0,1.7,Low
53,Female,24.9,3.3,15.7,Repetitive Strain,Light,5.91,51.2,58.6,0.827,92.5,0.68,1.02,0.96,0.89,4.46,Moderate
42,Male,24.6,1.1,5.2,No Prior Injury,Moderate,2.07,65.2,68.2,0.971,100.7,1.27,1.34,1.07,1.01,1.75,Low
77,Female,34.1,7.8,90.0,Fracture,Sedentary,14.28,36.9,42.6,0.598,77.2,0.8,0.96,0.54,0.91,6.81,High
71,Male,38.1,7.0,66.0,Repetitive Strain,Sedentary,12.59,34.8,44.2,0.769,79.7,0.75,0.87,0.67,0.91,5.01,High
29,Male,25.8,0.4,4.8,No Prior Injury,Very Active,0.69,64.1,63.2,1.015,111.0,1.3,1.19,1.13,1.05,1.78,Low
53,Male,27.2,0.5,7.7,Repetitive Strain,Sedentary,1.78,59.1,59.0,1.007,113.3,1.25,1.28,1.26,1.23,1.06,Low
25,Male,23.7,0.9,10.1,No Prior Injury,Light,0.38,72.0,69.6,0.977,120.2,1.46,1.08,0.98,1.31,1.99,Low
52,Female,26.0,3.7,31.0,No Prior Injury,Active,4.77,56.4,38.0,1.164,112.0,1.24,1.25,1.12,0.82,6.03,Moderate
56,Female,25.7,3.3,40.7,No Prior Injury,Active,5.94,51.5,42.7,1.171,92.6,1.0,0.87,1.1,0.95,4.32,Moderate
49,Male,22.6,4.8,18.3,ACL Tear,Moderate,6.86,43.9,47.9,0.85,87.5,0.96,1.18,1.01,1.1,5.7,Moderate
53,Female,24.1,2.5,10.6,No Prior Injury,Active,1.43,64.7,63.1,0.941,123.6,1.16,1.37,1.14,1.25,2.37,Low
50,Female,27.8,3.8,32.1,ACL Tear,Moderate,7.91,41.4,50.7,0.7,103.6,0.87,1.06,0.8,1.08,2.91,Moderate
26,Male,24.8,1.6,10.9,No Prior Injury,Moderate,0.46,64.6,64.1,1.041,101.7,1.22,1.27,1.1,1.21,1.52,Low
42,Female,31.1,5.0,38.0,ACL Tear,Light,11.48,50.3,56.2,0.955,96.0,0.92,1.17,0.96,1.14,4.22,Moderate
20,Male,24.5,1.9,0.0,No Prior Injury,Very Active,0.38,56.0,58.7,0.954,117.3,1.3,1.07,1.09,1.25,1.31,Low
65,Female,30.4,5.5,14.3,Meniscus Tear,Sedentary,4.82,54.4,46.6,1.11,79.0,1.01,1.0,1.11,1.05,5.02,Moderate
62,Female,31.7,4.1,17.1,No Prior Injury,Light,3.93,57.4,43.3,1.15,88.0,1.14,0.94,1.07,0.76,4.19,Moderate
51,Female,23.6,0.5,16.5,No Prior Injury,Moderate,0.65,59.9,59.0,0.978,100.8,1.46,1.24,1.14,1.19,2.28,Low
47,Male,26.6,1.9,2.9,No Prior Injury,Moderate,2.28,63.2,61.8,1.017,102.5,1.32,1.15,1.05,1.11,1.51,Low
36,Male,22.1,1.6,3.6,No Prior Injury,Very Active,0.64,64.8,65.4,0.968,109.5,1.27,1.27,1.18,1.13,1.61,Low
53,Male,32.0,1.9,46.0,Meniscus Tear,Light,8.52,50.8,58.2,0.763,100.5,0.97,1.22,0.89,1.18,3.59,Moderate
38,Male,23.9,3.0,11.2,No Prior Injury,Active,0.66,57.0,58.6,1.032,121.0,1.41,1.23,1.26,1.11,2.25,Low
68,Female,29.3,9.1,56.0,Repetitive Strain,Sedentary,11.55,46.9,26.9,1.43,82.1,1.11,0.69,0.99,0.51,7.72,High
20,Female,20.9,1.5,3.5,No Prior Injury,Light,0.41,58.9,64.9,1.018,121.8,1.09,1.36,1.35,1.02,2.19,Low
25,Female,23.7,0.8,11.3,No Prior Injury,Very Active,0.61,59.0,57.6,1.008,117.5,1.35,1.12,1.35,1.21,1.8,Low
42,Female,23.1,0.1,9.6,No Prior Injury,Sedentary,3.02,69.5,67.6,1.022,108.3,1.2,1.26,0.98,0.98,1.52,Low
23,Male,24.3,2.5,12.3,No Prior Injury,Very Active,0.27,57.6,60.0,1.018,110.7,1.16,1.25,1.01,1.15,2.24,Low
59,Female,23.0,3.8,35.7,Meniscus Tear,Sedentary,7.46,48.0,56.1,0.753,89.5,0.92,1.26,0.99,0.95,5.25,Moderate
65,Male,31.6,3.2,37.1,No Prior Injury,Moderate,4.91,43.6,48.4,0.864,103.7,1.17,1.26,0.8,0.98,3.91,Moderate
85,Female,25.1,7.6,72.5,Repetitive Strain,Sedentary,12.31,36.7,28.5,1.245,65.9,1.08,0.83,1.08,0.61,8.56,High
39,Male,20.4,1.8,9.4,No Prior Injury,Moderate,3.93,59.4,57.5,1.029,106.0,1.24,1.19,1.26,1.16,1.41,Low
71,Female,33.1,5.8,78.2,No Prior Injury,Sedentary,8.9,33.7,41.1,0.708,68.9,0.63,0.88,0.42,0.93,8.45,High
39,Female,25.6,0.2,7.8,No Prior Injury,Active,0.84,59.7,62.0,0.973,118.7,1.18,1.2,0.98,1.1,0.8,Low
30,Female,30.0,2.2,1.1,ACL Tear,Moderate,0.1,53.7,53.9,1.005,92.0,1.12,1.17,1.18,1.17,1.71,Low
56,Female,32.6,6.5,59.0,Meniscus Tear,Sedentary,15.24,48.3,33.5,1.466,77.2,1.23,0.64,0.93,0.39,13.08,High
64,Female,23.7,3.6,38.6,No Prior Injury,Active,8.41,57.4,46.1,1.111,95.1,1.37,0.97,0.96,1.01,3.66,Moderate
80,Female,31.5,8.5,75.1,Meniscus Tear,Light,12.87,42.3,31.3,1.285,92.0,1.06,0.73,0.68,0.6,13.1,High
41,Male,20.1,1.1,10.4,No Prior Injury,Light,0.96,68.0,67.5,1.061,104.4,1.42,1.33,1.13,1.24,1.25,Low
50,Female,25.5,1.7,4.7,No Prior Injury,Light,0.82,63.5,61.6,1.001,125.1,1.11,1.11,1.0,1.17,1.88,Low
34,Male,21.8,2.2,4.3,No Prior Injury,Moderate,0.7,62.7,62.9,1.01,110.2,1.4,1.08,1.08,1.13,0.98,Low
65,Male,26.7,5.5,21.4,No Prior Injury,Sedentary,7.46,45.6,55.7,0.786,88.8,0.85,1.14,0.81,1.11,5.02,Moderate
56,Female,25.1,0.9,3.2,ACL Tear,Very Active,1.06,69.5,68.3,1.055,94.5,1.11,1.31,1.15,1.19,1.83,Low
45,Female,23.8,3.5,37.2,Meniscus Tear,Moderate,6.39,52.2,41.2,1.093,89.6,1.34,0.88,1.03,0.95,3.76,Moderate
57,Male,32.7,5.1,40.3,ACL Tear,Light,3.65,45.6,54.2,0.974,114.9,0.9,1.25,0.89,1.14,4.06,Moderate
50,Male,25.2,2.3,6.5,No Prior Injury,Moderate,1.33,58.4,60.3,0.929,114.6,1.24,1.19,1.01,1.19,1.53,Low
69,Female,30.8,6.8,77.7,Fracture,Sedentary,16.33,36.7,43.6,0.684,83.2,0.69,1.22,0.78,0.95,7.32,High
36,Female,25.2,1.3,6.3,No Prior Injury,Active,0.19,57.7,57.5,0.925,102.7,1.22,1.21,1.04,1.18,1.93,Low
72,Male,28.2,5.3,40.5,Repetitive Strain,Sedentary,8.12,55.0,43.4,1.029,99.1,1.03,0.83,1.1,0.86,2.93,Moderate
54,Female,25.8,4.3,37.5,Meniscus Tear,Light,7.32,40.0,52.5,0.813,92.8,0.85,1.18,0.83,1.18,5.15,Moderate
56,Female,27.5,3.4,24.5,No Prior Injury,Sedentary,3.39,53.5,59.0,0.874,115.0,1.0,1.12,0.78,1.09,3.58,Moderate
41,Male,27.2,0.6,2.5,No Prior Injury,Light,1.09,63.5,61.5,1.067,100.3,1.37,1.31,1.0,1.38,1.77,Low
43,Male,22.2,1.1,14.0,No Prior Injury,Light,4.5,64.5,65.2,1.005,104.1,1.17,1.2,1.03,1.05,2.15,Low
24,Female,18.6,3.5,11.6,No Prior Injury,Active,1.9,65.5,65.2,0.997,106.0,1.22,1.07,1.14,1.05,1.25,Low
49,Male,23.5,4.4,39.4,No Prior Injury,Light,4.65,56.5,49.2,1.153,98.6,1.29,0.81,1.06,0.84,5.79,Moderate
25,Male,25.7,0.0,8.2,No Prior Injury,Sedentary,0.29,61.4,60.5,1.023,127.8,1.09,1.4,1.16,1.06,1.13,Low
44,Male,21.4,1.1,3.9,No Prior Injury,Sedentary,2.47,62.7,63.3,1.034,115.1,1.3,1.08,1.15,1.18,2.16,Low
81,Female,30.2,7.7,50.3,Meniscus Tear,Moderate,14.56,42.4,51.2,0.728,76.2,0.84,1.23,0.64,0.89,6.53,High
38,Female,25.6,0.8,9.7,No Prior Injury,Sedentary,1.03,60.1,59.2,0.922,106.7,1.27,1.11,1.15,1.31,2.31,Low
63,Female,40.2,5.9,79.1,Meniscus Tear,Moderate,7.5,32.0,47.0,0.627,81.5,0.91,1.08,0.72,1.03,7.5,High
60,Female,24.1,2.7,37.6,No Prior Injury,Sedentary,9.11,54.1,41.8,1.221,78.2,0.85,1.05,1.01,1.15,3.49,Moderate
42,Female,27.1,0.4,6.5,No Prior Injury,Sedentary,4.5,53.6,53.2,0.975,99.0,1.31,1.21,1.2,1.31,0.8,Low
60,Female,35.6,7.4,65.4,Repetitive Strain,Light,14.71,25.9,43.3,0.737,85.2,0.4,1.08,0.66,1.02,8.34,High
72,Female,31.2,2.8,39.7,No Prior Injury,Light,6.4,57.5,44.4,1.211,104.0,1.26,1.02,1.26,0.87,4.64,Moderate
33,Male,19.6,0.1,6.4,No Prior Injury,Active,0.87,66.7,66.7,1.075,116.2,1.22,1.1,1.19,1.21,1.48,Low
24,Male,22.6,2.0,11.3,No Prior Injury,Very Active,1.05,63.7,62.3,1.009,104.6,1.38,1.18,1.25,1.12,1.9,Low
74,Female,34.8,8.0,60.8,ACL Tear,Active,17.9,30.5,45.3,0.699,96.5,0.64,0.98,0.5,1.05,9.55,High
40,Male,18.6,0.8,8.9,No Prior Injury,Light,2.01,61.3,63.9,0.986,112.2,1.32,1.12,1.09,1.18,2.85,Low
25,Male,27.0,0.0,16.5,No Prior Injury,Very Active,1.07,62.0,58.0,0.93,120.9,1.02,1.22,1.4,1.14,1.24,Low
56,Female,25.9,0.8,12.0,No Prior Injury,Active,4.5,62.2,60.8,0.944,111.6,1.42,1.36,1.14,1.23,1.62,Low
32,Male,21.8,3.5,6.4,No Prior Injury,Moderate,2.06,64.8,68.9,1.045,111.0,1.15,1.08,1.17,1.07,1.09,Low
38,Female,19.4,1.1,13.3,No Prior Injury,Light,3.11,59.1,61.7,0.974,94.7,1.21,1.34,1.12,1.3,2.01,Low
41,Male,20.7,2.9,11.5,No Prior Injury,Active,3.09,69.0,67.3,1.018,128.7,1.15,1.2,1.19,1.14,1.31,Low
75,Female,36.0,7.2,45.4,Meniscus Tear,Light,12.87,37.3,46.4,0.831,70.9,0.54,1.04,0.75,0.8,7.95,High
59,Female,24.5,6.4,55.9,Fracture,Sedentary,11.4,41.8,36.3,1.213,74.1,1.13,0.6,0.93,0.59,4.58,High
61,Female,25.9,3.9,38.4,No Prior Injury,Moderate,7.69,48.8,52.3,0.853,98.4,1.11,1.27,0.92,1.17,3.5,Moderate
69,Female,24.5,7.2,73.4,ACL Tear,Sedentary,13.76,43.1,28.8,1.499,81.7,1.19,0.67,0.85,0.73,6.03,High
20,Female,28.7,0.0,6.5,No Prior Injury,Active,0.18,57.1,55.3,0.955,108.4,1.38,1.19,1.18,1.07,2.18,Low
26,Male,25.5,0.8,10.7,No Prior Injury,Sedentary,3.07,66.0,63.2,1.018,95.3,1.19,1.24,1.07,1.06,1.47,Low
49,Female,23.1,0.9,12.8,No Prior Injury,Sedentary,0.26,59.2,63.0,0.9,132.0,1.4,1.21,1.15,1.17,1.51,Low
29,Male,21.7,0.4,0.0,No Prior Injury,Light,1.99,55.1,51.8,0.997,101.1,1.45,1.33,1.16,1.25,1.38,Low
33,Male,21.2,2.4,10.0,No Prior Injury,Light,0.42,61.5,60.9,1.017,126.1,1.2,1.07,1.22,1.29,2.0,Low
67,Female,41.7,5.9,54.8,ACL Tear,Light,9.44,50.5,28.6,1.478,75.4,1.22,0.81,1.05,0.62,9.36,High
78,Female,36.1,6.7,43.4,Repetitive Strain,Light,13.63,45.8,39.4,1.347,70.8,0.87,0.81,1.04,0.44,9.76,High
75,Female,28.2,3.0,43.0,No Prior Injury,Moderate,5.07,46.6,56.5,0.776,118.0,1.2,1.13,0.58,0.86,4.16,Moderate
35,Female,24.0,1.4,7.1,No Prior Injury,Very Active,0.97,60.9,58.5,0.948,113.5,1.16,1.31,1.35,1.07,1.97,Low
49,Male,23.8,5.5,30.9,No Prior Injury,Light,9.89,42.8,54.5,0.837,94.5,0.87,1.21,0.83,1.26,4.97,Moderate
29,Male,28.4,2.2,13.5,Repetitive Strain,Light,0.16,66.7,63.7,0.992,107.3,1.15,1.18,1.04,1.14,1.42,Low
75,Male,31.8,9.0,74.0,Meniscus Tear,Sedentary,7.5,43.0,36.0,1.467,85.8,1.19,0.8,0.93,0.62,11.41,High
40,Female,28.2,1.0,9.9,No Prior Injury,Active,1.42,58.5,56.6,0.961,111.1,1.41,1.31,1.18,1.1,1.51,Low
56,Female,21.0,4.0,31.2,ACL Tear,Sedentary,6.12,56.2,45.2,1.148,98.1,1.18,1.01,0.95,0.9,4.27,Moderate
30,Male,18.5,0.9,6.6,Fracture,Very Active,0.1,59.3,60.3,0.955,111.0,1.14,1.16,1.03,1.13,1.37,Low
63,Female,29.8,6.3,27.2,ACL Tear,Very Active,9.39,56.0,45.4,1.061,107.3,1.39,0.98,0.99,0.85,4.77,Moderate
38,Female,24.9,1.1,0.0,No Prior Injury,Sedentary,0.17,61.0,60.1,0.944,104.1,1.27,1.23,1.1,1.1,2.15,Low
40,Male,31.5,3.2,30.8,ACL Tear,Light,5.98,46.0,54.8,0.837,95.4,1.05,1.12,0.87,1.13,3.84,Moderate
41,Male,24.4,1.1,9.7,No Prior Injury,Active,2.51,61.9,63.0,1.035,102.9,1.33,1.23,1.16,1.15,1.72,Low
37,Male,24.9,0.6,13.3,No Prior Injury,Light,0.21,57.0,58.2,1.007,116.8,1.19,1.2,1.07,1.14,1.38,Low
36,Female,26.3,0.8,0.0,No Prior Injury,Moderate,0.31,64.9,61.6,1.008,115.5,1.29,1.36,1.05,1.2,2.4,Low
63,Female,33.9,7.0,61.9,Repetitive Strain,Sedentary,11.4,47.4,28.4,1.441,67.3,1.17,0.73,1.03,0.6,10.43,High
36,Male,24.1,0.3,0.7,No Prior Injury,Moderate,0.26,59.2,58.5,0.921,117.2,1.33,1.14,1.19,1.06,1.85,Low
74,Male,30.1,6.8,38.0,No Prior Injury,Sedentary,14.27,42.0,35.6,1.339,70.7,1.09,0.72,0.9,0.52,9.14,High
58,Female,31.1,3.3,39.0,Fracture,Light,5.05,41.4,50.1,0.832,106.4,1.08,1.12,1.04,1.11,4.65,Moderate
26,Female,18.5,2.8,3.7,No Prior Injury,Moderate,0.45,56.9,55.8,0.98,119.8,1.3,1.34,1.2,1.04,1.63,Low
34,Female,27.0,0.5,3.3,Meniscus Tear,Sedentary,0.13,61.4,64.7,0.993,107.8,1.35,1.17,1.02,1.0,2.1,Low
58,Male,26.2,3.4,23.7,No Prior Injury,Active,9.73,47.9,50.9,0.788,85.4,0.88,1.12,0.83,1.09,3.53,Moderate
27,Female,27.7,1.4,11.8,ACL Tear,Active,0.19,57.6,57.4,0.992,111.0,1.06,1.19,1.16,1.15,1.29,Low
25,Female,19.6,0.0,6.7,No Prior Injury,Light,0.29,51.1,50.9,1.028,126.8,1.36,1.21,1.05,1.37,1.83,Low
45,Male,22.0,0.0,1.5,No Prior Injury,Very Active,2.09,62.1,64.0,1.003,117.6,1.07,0.95,1.18,1.01,1.69,Low
61,Female,26.9,3.8,37.6,No Prior Injury,Moderate,5.46,61.5,50.6,1.081,83.6,1.17,1.0,1.3,0.77,3.97,Moderate
73,Male,28.1,6.3,84.3,ACL Tear,Moderate,9.33,48.5,34.7,1.441,75.9,1.01,0.45,0.85,0.68,9.27,High
69,Male,39.2,6.5,79.0,ACL Tear,Active,11.16,32.0,42.8,0.794,98.0,0.62,1.12,0.72,0.96,8.52,High
46,Female,26.6,2.0,9.9,No Prior Injury,Moderate,2.17,59.3,60.4,1.032,100.6,1.44,1.18,1.13,1.06,3.15,Low
21,Male,23.7,3.1,2.5,No Prior Injury,Active,0.95,53.7,55.7,1.09,110.4,1.23,1.1,1.24,1.23,2.19,Low
73,Male,29.1,2.8,27.0,No Prior Injury,Sedentary,7.03,48.2,55.0,0.823,100.2,0.69,1.17,0.96,1.05,4.12,Moderate
68,Male,33.8,1.8,39.7,No Prior Injury,Light,8.55,54.6,43.8,1.205,106.4,1.24,1.14,1.15,0.92,4.47,Moderate
38,Female,23.6,0.9,0.0,No Prior Injury,Very Active,1.4,63.2,62.5,1.051,114.7,1.18,1.4,1.16,1.25,1.83,Low
53,Female,28.1,4.3,35.2,No Prior Injury,Sedentary,2.8,46.4,58.6,0.866,104.1,0.83,1.2,0.86,1.17,3.59,Moderate
48,Female,27.4,4.8,30.6,ACL Tear,Light,5.69,38.4,48.4,0.783,94.8,1.22,1.19,0.86,0.78,4.29,Moderate
36,Male,23.5,0.0,0.0,No Prior Injury,Moderate,0.89,57.5,61.9,1.04,106.5,1.48,1.34,1.12,0.92,2.95,Low
56,Female,30.9,2.5,37.9,No Prior Injury,Light,8.44,52.7,59.6,0.917,90.6,0.97,1.09,0.79,1.06,4.53,Moderate
75,Male,24.5,6.8,50.6,ACL Tear,Sedentary,9.45,45.4,36.9,1.342,89.8,1.05,0.65,0.69,0.66,8.19,High
21,Male,26.5,1.2,2.7,No Prior Injury,Moderate,0.97,65.5,66.1,0.987,123.3,1.33,1.22,1.18,1.09,1.87,Low
40,Male,24.8,2.5,20.4,No Prior Injury,Moderate,0.57,66.0,63.8,1.055,128.3,1.26,1.29,1.17,1.19,1.74,Low
61,Male,36.0,3.5,29.9,ACL Tear,Moderate,4.2,54.0,46.2,1.045,97.8,1.21,0.87,0.87,0.86,3.01,Moderate
81,Male,37.9,6.4,52.9,Meniscus Tear,Sedentary,20.77,30.2,42.8,0.66,75.9,0.66,1.12,0.35,0.96,8.33,High
41,Female,25.2,0.1,7.9,No Prior Injury,Light,0.87,63.2,62.6,1.056,109.6,1.38,1.22,1.28,1.14,2.15,Low
50,Female,25.8,3.4,39.9,No Prior Injury,Light,6.54,58.0,45.7,1.116,103.7,1.21,1.1,1.05,0.84,4.57,Moderate
74,Female,34.7,3.3,20.2,Fracture,Light,2.8,38.0,46.1,0.858,112.2,0.65,1.2,0.86,1.18,4.0,Moderate
63,Female,39.6,9.1,63.2,No Prior Injury,Light,13.33,24.1,45.7,0.674,89.3,0.95,0.95,0.39,0.83,6.93,High
39,Female,30.0,2.3,9.1,No Prior Injury,Sedentary,1.23,57.6,58.4,1.048,101.3,1.22,1.25,0.98,1.06,1.46,Low
26,Male,26.7,0.6,6.6,No Prior Injury,Light,0.82,60.8,60.9,0.964,108.1,1.36,1.29,1.34,1.25,2.37,Low
36,Female,20.8,2.5,1.9,No Prior Injury,Very Active,0.4,57.2,59.5,1.006,130.6,1.29,1.26,1.12,1.15,1.72,Low
67,Male,23.8,3.3,14.5,No Prior Injury,Light,5.17,60.2,49.6,1.034,98.1,1.36,1.0,0.82,0.99,3.43,Moderate
58,Male,27.4,2.7,0.5,Repetitive Strain,Active,3.84,66.2,64.9,0.958,122.9,1.41,1.55,1.05,1.16,0.8,Low
34,Male,23.4,0.0,8.1,No Prior Injury,Moderate,1.67,64.9,60.7,1.016,105.6,1.2,1.16,1.08,1.38,2.22,Low
35,Male,24.6,2.3,7.6,No Prior Injury,Moderate,1.67,65.0,65.7,1.067,95.0,1.29,1.45,1.18,1.29,1.49,Low
45,Female,23.7,0.0,8.6,No Prior Injury,Light,1.52,58.2,58.0,0.944,113.3,1.35,1.13,1.26,1.0,2.86,Low
25,Female,19.3,0.1,4.8,No Prior Injury,Moderate,0.99,61.0,62.0,0.981,108.7,1.37,1.05,1.12,1.16,2.02,Low
46,Male,25.4,1.8,4.4,No Prior Injury,Very Active,0.8,66.2,67.9,0.992,110.3,1.36,1.32,1.22,1.26,1.81,Low
56,Female,32.6,7.2,54.9,No Prior Injury,Light,13.65,36.9,46.0,0.646,65.1,0.64,0.92,0.66,0.95,7.26,High
57,Female,35.5,5.1,76.2,Meniscus Tear,Light,14.78,37.4,52.0,0.789,75.1,0.69,1.03,0.64,1.05,11.75,High
38,Female,24.3,0.6,6.6,Repetitive Strain,Light,0.83,61.6,61.8,1.054,110.1,1.24,1.13,1.22,1.16,1.59,Low
71,Male,41.2,6.1,67.9,Meniscus Tear,Sedentary,14.44,49.3,36.9,1.16,81.9,1.03,0.81,1.03,0.55,8.67,High
62,Male,28.7,3.0,37.7,ACL Tear,Sedentary,7.37,55.6,40.8,1.097,99.2,1.12,0.9,1.28,0.76,5.33,Moderate
20,Female,24.8,1.7,16.6,No Prior Injury,Light,0.5,64.0,64.5,0.956,100.1,1.26,1.36,1.13,1.0,2.22,Low
38,Male,23.9,0.7,9.1,No Prior Injury,Light,0.93,64.6,62.9,1.063,102.2,1.1,1.26,1.24,1.29,1.57,Low
73,Female,36.1,6.8,70.4,Meniscus Tear,Light,13.01,28.5,44.2,0.681,85.7,0.69,1.04,0.67,0.88,6.49,High
46,Female,23.9,2.9,6.0,No Prior Injury,Moderate,0.32,55.2,55.2,1.025,112.4,1.31,1.31,1.34,1.11,1.33,Low
63,Female,32.9,8.1,66.2,Meniscus Tear,Sedentary,9.91,24.0,38.7,0.55,66.0,0.66,1.2,0.69,0.96,4.61,High
67,Male,32.8,5.3,33.8,No Prior Injury,Sedentary,4.68,60.3,50.0,1.02,79.3,1.16,0.92,1.0,0.86,4.59,Moderate
44,Female,22.6,5.0,15.1,No Prior Injury,Sedentary,9.14,48.6,57.9,0.866,81.9,0.75,1.09,0.81,1.12,5.07,Moderate
65,Female,26.6,7.8,66.6,Fracture,Light,9.93,42.5,30.1,1.359,76.0,1.13,0.75,1.02,0.43,5.04,High
39,Female,20.2,1.0,3.9,ACL Tear,Active,0.16,60.4,60.3,1.012,100.0,1.38,1.17,1.21,1.03,2.13,Low
30,Male,19.8,1.4,12.2,No Prior Injury,Moderate,4.41,61.4,66.8,1.005,112.9,1.32,1.29,1.17,1.07,2.04,Low
23,Male,19.2,1.5,5.4,No Prior Injury,Very Active,2.23,64.0,62.3,1.016,116.2,1.01,1.16,1.09,1.15,1.4,Low
72,Female,35.0,7.1,60.3,ACL Tear,Light,17.05,46.0,24.0,1.375,83.4,1.2,0.72,0.95,0.55,8.38,High
63,Male,27.1,6.8,25.6,Fracture,Light,6.68,38.0,48.5,0.896,105.0,0.96,1.27,0.82,1.09,5.12,Moderate
44,Female,28.5,3.6,33.9,No Prior Injury,Sedentary,8.11,49.1,38.0,1.132,82.3,1.26,0.91,1.04,0.7,3.51,Moderate
50,Female,32.4,3.8,42.3,Meniscus Tear,Active,6.77,53.7,42.2,1.128,81.7,0.98,0.94,1.07,0.85,4.56,Moderate
29,Male,22.4,0.4,9.4,No Prior Injury,Active,2.27,60.4,60.1,1.005,112.6,1.31,1.15,1.15,0.95,2.24,Low
51,Male,29.1,2.4,28.0,No Prior Injury,Sedentary,7.8,46.6,54.9,0.873,91.2,0.99,1.16,0.76,1.05,5.13,Moderate
43,Female,26.1,1.5,5.3,No Prior Injury,Active,0.1,61.4,62.1,0.954,110.5,1.32,1.3,1.13,1.16,1.39,Low
48,Male,29.1,4.7,30.4,Fracture,Light,6.67,51.1,44.0,1.081,97.0,1.17,0.96,1.11,0.83,5.62,Moderate
60,Female,27.8,5.1,32.7,Repetitive Strain,Active,3.6,59.1,50.1,1.033,110.2,1.03,1.09,1.2,1.03,3.9,Moderate
63,Female,27.9,8.3,65.6,Meniscus Tear,Sedentary,14.25,32.6,40.8,0.609,86.9,0.7,1.13,0.54,0.84,9.42,High
43,Female,32.9,4.1,18.6,ACL Tear,Light,9.69,49.2,57.6,0.892,94.3,1.0,1.02,0.86,0.96,4.48,Moderate
45,Male,21.8,0.0,11.8,No Prior Injury,Moderate,2.86,66.7,66.4,0.931,109.8,1.25,1.44,1.21,1.28,2.1,Low
55,Female,33.5,4.5,19.7,No Prior Injury,Light,5.28,54.0,48.2,1.149,110.5,1.23,1.03,1.06,0.96,2.9,Moderate
35,Male,22.4,0.4,7.6,Fracture,Active,2.11,65.3,64.4,1.014,121.5,1.18,1.15,1.04,1.16,0.87,Low
48,Male,23.8,0.8,9.4,No Prior Injury,Light,3.14,63.5,65.2,0.998,97.8,1.38,1.15,1.09,1.09,2.49,Low
31,Female,21.7,1.6,10.6,No Prior Injury,Moderate,0.94,59.6,62.6,1.019,116.7,0.98,1.38,1.08,1.2,2.17,Low
71,Female,35.9,7.4,79.9,ACL Tear,Sedentary,16.93,36.6,52.0,0.706,86.0,0.53,1.09,0.45,1.22,7.13,High
53,Male,25.2,4.6,26.3,Meniscus Tear,Moderate,6.7,46.9,61.2,0.857,98.3,0.75,1.18,0.88,1.19,3.55,Moderate
30,Male,22.8,1.3,8.2,No Prior Injury,Active,2.15,61.1,64.8,1.038,104.6,1.26,1.21,1.14,1.03,1.59,Low
69,Male,31.0,7.2,61.2,Repetitive Strain,Light,12.85,24.0,44.7,0.676,64.1,0.54,1.18,0.6,0.87,6.73,High
45,Male,21.8,2.3,4.8,No Prior Injury,Active,1.09,57.1,56.4,0.925,111.3,1.24,1.39,1.21,1.05,2.73,Low
55,Male,21.4,4.4,39.3,Meniscus Tear,Sedentary,3.23,60.4,47.3,1.149,92.0,1.11,0.98,1.06,0.82,5.18,Moderate
67,Female,27.7,5.1,18.0,No Prior Injury,Moderate,6.24,55.6,46.9,1.082,103.5,1.07,1.05,1.09,0.94,3.58,Moderate
71,Female,31.9,5.8,65.5,ACL Tear,Light,10.1,48.0,30.8,1.198,70.1,0.98,0.64,0.83,0.63,5.31,High
76,Female,21.6,4.5,25.6,ACL Tear,Light,7.26,61.7,53.8,1.134,100.4,1.02,1.09,1.24,0.76,3.94,Moderate
34,Female,29.9,2.3,7.6,No Prior Injury,Light,2.9,66.0,62.2,1.001,121.8,1.3,1.28,0.99,1.08,2.01,Low
35,Male,25.6,1.1,11.7,Repetitive Strain,Very Active,2.88,56.3,57.9,1.034,113.7,1.13,1.26,1.18,1.06,1.88,Low
37,Male,23.6,2.9,3.9,No Prior Injury,Moderate,3.15,65.1,67.1,1.0,112.5,1.22,1.31,1.11,1.23,1.23,Low
20,Female,30.0,1.3,11.1,No Prior Injury,Sedentary,0.1,66.9,65.7,0.994,108.2,1.17,1.17,1.03,1.13,0.96,Low
64,Female,32.5,4.1,30.9,No Prior Injury,Moderate,5.72,43.8,55.1,0.781,95.4,0.83,1.23,1.04,1.04,2.2,Moderate
58,Male,29.2,7.2,50.7,ACL Tear,Sedentary,13.09,41.9,31.3,1.495,94.1,1.06,0.71,1.06,0.61,9.23,High
75,Female,30.6,8.1,38.6,ACL Tear,Sedentary,11.99,45.8,29.1,1.359,79.4,1.12,0.69,0.93,0.68,9.8,High
65,Female,27.8,6.6,32.9,No Prior Injury,Moderate,4.23,48.9,53.2,0.853,111.2,1.0,1.25,0.75,1.08,3.31,Moderate
51,Female,28.9,3.6,26.3,Meniscus Tear,Light,8.08,56.7,45.5,1.111,111.0,1.15,0.84,0.95,0.81,5.45,Moderate
48,Male,27.5,1.6,2.9,No Prior Injury,Light,1.83,69.2,69.4,1.014,124.4,1.34,1.28,1.19,1.14,2.08,Low
66,Female,24.7,6.1,33.7,ACL Tear,Light,7.07,60.5,50.2,1.146,98.6,1.18,0.81,0.94,0.89,5.47,Moderate
37,Female,24.9,6.3,42.0,No Prior Injury,Light,3.28,50.5,61.6,0.772,109.4,1.14,1.26,0.66,1.03,5.0,Moderate
46,Male,19.4,1.5,7.2,No Prior Injury,Active,1.94,65.6,62.6,1.014,111.0,1.33,1.23,1.12,1.19,2.24,Low
33,Male,28.7,1.8,2.8,No Prior Injury,Active,0.12,58.4,56.9,0.991,113.1,1.24,1.23,1.15,1.23,1.7,Low
67,Female,31.4,7.7,47.1,Repetitive Strain,Light,12.29,24.0,41.4,0.572,88.8,0.49,1.14,0.46,0.79,5.63,High
35,Female,27.6,3.1,35.3,No Prior Injury,Light,4.5,41.8,54.0,0.861,82.6,0.85,1.16,0.88,1.15,6.32,Moderate
56,Male,21.2,0.5,7.5,No Prior Injury,Active,3.7,52.9,56.0,1.005,108.6,1.08,1.29,1.26,1.17,1.38,Low
42,Female,29.1,6.5,27.4,Meniscus Tear,Light,7.13,38.3,48.7,0.851,86.3,1.04,1.12,0.72,1.01,4.23,Moderate
64,Male,35.2,3.4,21.3,No Prior Injury,Sedentary,10.65,54.1,39.3,1.131,95.3,1.22,0.96,1.09,1.05,2.2,Moderate
69,Male,34.0,7.3,67.3,No Prior Injury,Light,13.46,39.0,27.2,1.286,74.3,0.84,0.62,0.86,0.67,4.5,High
74,Female,30.6,3.2,31.8,No Prior Injury,Light,7.54,47.0,56.0,0.811,91.8,0.97,1.01,0.89,1.11,3.63,Moderate
59,Female,21.0,4.5,35.3,No Prior Injury,Sedentary,6.12,45.8,54.7,0.784,93.1,0.93,1.07,0.79,1.14,5.22,Moderate
26,Male,22.4,0.9,12.5,Fracture,Very Active,0.23,62.7,64.0,0.938,109.1,1.28,1.29,1.28,1.1,2.54,Low
38,Female,21.2,3.5,10.0,No Prior Injury,Moderate,1.48,65.8,68.8,0.968,105.3,1.19,1.03,1.1,1.07,1.88,Low
37,Male,22.5,0.4,7.5,Fracture,Light,3.83,63.0,64.2,1.004,110.7,1.16,1.25,1.22,1.04,1.84,Low
57,Female,32.3,8.8,48.6,ACL Tear,Sedentary,8.48,44.1,29.6,1.289,63.7,1.13,0.87,1.09,0.52,5.98,High
33,Female,29.0,1.1,14.0,No Prior Injury,Moderate,1.3,68.6,66.7,0.966,92.5,1.32,1.16,1.17,1.03,1.67,Low
34,Female,21.1,1.7,10.3,No Prior Injury,Active,1.74,67.2,65.2,0.986,112.4,1.07,1.38,1.16,1.17,2.48,Low
27,Female,24.5,1.0,18.1,Repetitive Strain,Active,0.67,64.1,65.2,1.011,109.8,1.31,1.27,1.31,1.0,1.74,Low
48,Male,23.0,0.1,8.1,Repetitive Strain,Light,0.11,68.5,63.5,0.929,107.0,1.31,1.29,1.25,1.03,0.8,Low
61,Female,22.6,1.8,28.2,ACL Tear,Active,7.27,50.2,39.1,1.02,83.3,1.29,0.98,1.3,0.79,2.2,Moderate
75,Female,30.0,6.7,39.3,No Prior Injury,Moderate,11.82,42.6,24.7,1.513,83.7,1.03,0.7,0.94,0.6,5.6,High
67,Male,35.7,3.6,42.4,No Prior Injury,Light,5.41,38.0,48.8,0.94,97.8,0.99,1.15,0.85,1.26,3.66,Moderate
62,Male,24.8,9.0,52.4,No Prior Injury,Light,17.09,26.6,43.0,0.645,64.0,0.52,1.2,0.7,1.01,7.1,High
40,Male,19.4,1.3,9.7,No Prior Injury,Light,0.25,57.8,59.4,1.046,103.9,1.26,1.28,1.21,1.16,1.62,Low
58,Female,28.2,5.8,18.8,No Prior Injury,Sedentary,7.37,54.5,42.7,1.237,75.9,0.9,1.09,0.89,0.83,4.11,Moderate
42,Female,23.6,5.4,18.8,No Prior Injury,Sedentary,9.95,38.0,43.0,0.914,92.7,0.93,1.07,0.96,1.23,3.26,Moderate
38,Female,22.7,5.7,24.0,No Prior Injury,Sedentary,7.21,41.4,49.7,0.853,87.3,1.01,1.19,0.83,1.08,5.4,Moderate
48,Female,25.8,3.5,35.1,ACL Tear,Light,8.66,60.0,51.6,1.023,83.2,1.14,0.91,1.1,1.01,4.12,Moderate
38,Male,27.7,2.3,15.6,No Prior Injury,Light,0.33,63.9,63.5,1.012,125.6,1.36,1.26,1.23,1.05,2.0,Low
64,Female,29.5,8.7,38.2,Meniscus Tear,Light,19.15,29.1,41.5,0.745,86.5,0.68,1.1,0.5,1.03,9.15,High
62,Female,35.6,5.1,54.2,Meniscus Tear,Sedentary,15.96,30.2,47.7,0.598,76.5,0.75,1.09,0.85,0.88,7.69,High
55,Female,33.6,3.8,24.1,No Prior Injury,Moderate,5.29,48.1,54.4,0.847,102.6,0.89,1.18,0.92,1.05,4.1,Moderate
44,Female,22.8,1.1,16.6,No Prior Injury,Sedentary,1.16,59.4,59.6,1.024,124.1,1.2,1.41,1.07,1.05,0.92,Low
59,Male,26.9,5.2,24.9,ACL Tear,Moderate,4.03,52.8,42.6,1.042,78.0,1.12,0.8,0.97,1.0,3.81,Moderate
73,Female,32.4,6.8,47.9,No Prior Injury,Moderate,8.57,34.6,44.8,0.754,77.0,0.6,1.32,0.65,1.06,7.01,High
46,Female,24.6,1.3,13.4,No Prior Injury,Light,0.64,59.3,62.7,0.992,101.1,1.16,1.32,1.17,1.15,1.95,Low
28,Male,23.4,1.3,12.9,No Prior Injury,Sedentary,1.88,67.7,61.2,1.017,100.6,1.3,1.25,1.21,1.1,0.86,Low
60,Female,26.0,2.9,37.7,No Prior Injury,Light,3.71,59.9,52.6,1.189,91.0,1.12,0.82,1.09,0.8,4.74,Moderate
50,Male,27.1,2.1,5.5,No Prior Injury,Moderate,1.15,58.5,59.3,1.031,113.2,1.28,1.25,1.21,1.17,1.83,Low
33,Female,24.2,0.1,12.2,No Prior Injury,Moderate,2.15,63.0,62.3,1.021,109.3,1.28,1.09,1.09,1.08,1.61,Low
58,Female,29.8,5.6,42.8,No Prior Injury,Light,4.92,53.4,38.0,1.084,89.4,1.42,1.14,1.11,0.85,3.65,Moderate
71,Female,24.5,7.3,58.4,ACL Tear,Sedentary,13.56,37.0,46.9,0.59,76.3,0.64,1.09,0.64,1.02,7.32,High
51,Male,25.3,4.4,37.2,No Prior Injury,Light,5.21,59.4,48.3,1.193,103.1,1.28,0.82,1.16,1.09,4.37,Moderate
49,Female,26.3,0.8,4.3,No Prior Injury,Active,0.49,66.6,66.9,1.021,106.9,1.29,1.32,1.22,1.25,2.15,Low
57,Male,24.5,3.3,48.8,Meniscus Tear,Moderate,5.83,42.6,50.5,0.824,86.0,0.81,1.02,0.78,1.12,4.95,Moderate
41,Male,29.2,4.5,39.9,No Prior Injury,Light,7.74,50.3,60.9,0.966,83.8,0.92,1.19,1.03,0.97,4.73,Moderate
55,Male,23.9,3.6,29.6,No Prior Injury,Light,6.57,41.3,53.6,0.899,85.7,1.12,1.25,0.97,1.15,5.9,Moderate
40,Male,22.0,2.0,10.8,No Prior Injury,Moderate,1.1,62.8,63.5,0.929,106.4,1.21,1.19,1.16,1.07,2.36,Low
31,Male,21.3,2.8,2.4,No Prior Injury,Active,1.91,69.5,64.1,0.951,105.6,1.2,1.21,1.11,1.16,1.82,Low
27,Female,22.6,1.6,8.5,No Prior Injury,Moderate,2.01,60.5,61.0,0.98,103.6,1.23,1.2,1.32,1.04,1.85,Low
35,Female,19.2,1.5,5.2,No Prior Injury,Sedentary,3.84,55.7,53.0,1.034,111.5,1.25,1.22,1.26,1.03,2.1,Low
30,Male,22.8,1.2,8.5,No Prior Injury,Light,4.5,61.0,60.0,0.961,112.0,1.33,1.22,1.26,1.23,2.26,Low
56,Male,22.0,1.6,10.4,No Prior Injury,Active,0.1,66.0,67.7,1.0,115.4,1.15,1.45,1.12,1.11,1.63,Low
47,Male,35.3,4.4,25.1,Repetitive Strain,Moderate,6.86,50.1,55.7,0.873,86.5,0.83,1.21,0.91,1.13,3.85,Moderate
75,Female,28.9,5.3,26.1,No Prior Injury,Active,9.25,41.9,49.9,0.832,95.1,0.88,1.16,0.85,0.91,3.57,Moderate
51,Female,29.5,6.1,37.2,No Prior Injury,Light,6.98,50.8,56.3,0.892,100.0,1.09,1.25,0.93,1.2,5.76,Moderate
30,Female,22.8,0.0,6.9,No Prior Injury,Active,1.98,65.9,65.5,1.018,111.4,1.08,1.28,1.17,1.16,1.16,Low
68,Female,41.8,8.0,72.2,Fracture,Sedentary,20.57,48.2,40.5,1.397,84.8,0.99,0.61,0.87,0.56,9.77,High
59,Female,30.7,5.2,29.5,No Prior Injury,Moderate,8.11,58.7,51.6,1.104,89.4,1.12,1.03,0.98,0.84,4.07,Moderate
76,Male,21.0,3.5,32.2,Fracture,Light,7.27,51.3,42.4,1.02,103.3,1.02,0.97,0.91,0.91,3.1,Moderate
47,Male,33.0,4.0,29.9,No Prior Injury,Active,5.12,55.5,46.0,1.105,101.9,1.4,1.1,1.07,0.78,4.28,Moderate
55,Female,30.5,6.8,86.0,Meniscus Tear,Sedentary,15.2,32.0,43.5,0.636,78.2,0.71,1.14,0.62,0.97,4.5,High
37,Male,26.5,2.2,12.0,No Prior Injury,Active,1.02,52.8,51.7,0.988,112.7,1.05,1.22,1.18,1.27,1.54,Low
53,Female,28.2,3.5,36.3,No Prior Injury,Sedentary,7.29,53.5,38.0,1.168,92.8,1.19,1.03,0.97,0.86,3.96,Moderate
66,Male,24.5,7.7,38.0,Meniscus Tear,Sedentary,14.86,47.1,38.2,1.392,78.0,1.14,0.69,1.04,0.66,8.32,High
46,Female,28.5,0.7,0.0,No Prior Injury,Very Active,0.52,56.1,55.8,1.017,110.3,1.29,1.31,1.17,1.2,1.77,Low
73,Female,34.4,6.4,65.7,No Prior Injury,Sedentary,10.29,38.2,44.5,0.803,70.2,0.88,1.35,0.39,0.8,10.29,High
66,Female,24.5,7.0,62.5,No Prior Injury,Sedentary,16.52,31.5,48.0,0.726,57.1,0.76,0.78,0.6,0.76,7.48,High
29,Male,25.3,1.0,4.6,No Prior Injury,Moderate,0.6,66.4,65.8,0.98,115.9,1.17,1.27,1.08,1.06,1.48,Low
72,Female,33.0,2.9,36.2,No Prior Injury,Moderate,6.46,38.5,48.6,0.904,93.5,0.96,1.19,0.82,0.94,4.37,Moderate
76,Male,24.8,3.9,28.6,No Prior Injury,Light,5.99,59.6,62.0,0.888,91.9,0.91,1.19,0.84,0.85,4.06,Moderate
35,Female,28.5,4.7,30.0,No Prior Injury,Light,6.47,60.1,47.9,1.132,87.4,1.4,0.83,1.18,0.97,3.58,Moderate
64,Female,30.4,8.5,46.3,Fracture,Sedentary,15.16,43.3,52.0,0.643,76.5,0.62,1.1,0.6,1.13,6.79,High
31,Male,23.4,1.0,15.2,No Prior Injury,Moderate,2.89,60.0,58.1,0.98,113.2,1.33,1.48,1.22,1.24,1.55,Low
52,Female,21.7,4.8,36.2,ACL Tear,Light,5.91,42.0,51.1,0.706,89.4,0.81,1.14,0.85,1.13,3.47,Moderate
20,Female,23.6,1.6,9.8,No Prior Injury,Active,0.54,54.1,52.8,0.989,111.6,1.26,1.25,1.07,1.12,1.05,Low
29,Male,25.1,2.2,6.8,No Prior Injury,Moderate,0.18,58.7,57.0,0.984,104.0,1.32,1.33,1.13,1.14,1.08,Low
44,Female,24.9,0.0,15.5,Repetitive Strain,Active,4.5,63.1,63.6,0.951,109.4,1.39,1.27,1.15,1.31,1.12,Low
39,Female,25.0,0.0,8.4,No Prior Injury,Light,0.31,61.2,61.6,0.977,105.3,1.3,1.18,1.21,1.16,1.04,Low
58,Female,37.8,9.0,56.1,Meniscus Tear,Light,11.66,34.4,42.7,0.774,80.2,0.55,1.04,0.42,0.81,6.99,High
60,Female,23.2,3.0,39.3,Meniscus Tear,Light,3.43,56.6,62.0,0.89,109.7,0.93,1.19,0.85,1.03,4.97,Moderate
60,Female,29.9,4.8,24.5,Fracture,Light,4.88,48.8,56.7,0.942,89.6,0.88,1.27,0.97,1.0,5.89,Moderate
52,Male,35.6,6.7,21.3,ACL Tear,Light,7.88,54.9,61.6,0.846,92.7,1.09,1.23,0.82,1.05,2.85,Moderate
29,Female,23.8,3.0,10.0,No Prior Injury,Light,0.46,53.9,53.6,1.045,114.9,1.38,1.17,1.25,1.09,2.19,Low
47,Male,22.7,3.9,37.0,No Prior Injury,Active,4.22,38.0,50.4,0.941,116.6,0.84,1.01,0.94,1.23,6.62,Moderate
39,Female,23.1,1.3,0.0,No Prior Injury,Active,3.29,62.8,60.6,1.009,122.4,1.24,1.26,1.14,1.25,1.67,Low
45,Female,21.7,1.2,2.4,No Prior Injury,Sedentary,0.59,62.6,62.0,1.004,115.1,1.13,1.33,0.99,1.09,1.67,Low
30,Male,26.4,1.9,17.3,No Prior Injury,Moderate,3.45,63.7,61.5,0.983,112.5,1.22,1.12,0.99,1.09,2.25,Low
20,Female,23.4,1.6,12.1,No Prior Injury,Moderate,2.16,59.8,60.3,1.065,110.5,1.25,1.19,1.25,1.32,2.03,Low
44,Male,22.6,0.9,4.9,Fracture,Very Active,1.28,61.9,57.2,0.951,121.3,1.33,1.3,1.21,1.14,1.35,Low
59,Male,21.3,3.1,33.2,Repetitive Strain,Light,3.36,61.1,50.3,1.147,105.1,1.12,1.11,0.98,1.05,6.8,Moderate
46,Male,20.9,2.7,10.0,ACL Tear,Moderate,2.58,59.5,60.3,1.015,118.1,1.16,1.33,1.27,1.18,2.74,Low
45,Female,29.9,3.9,31.4,No Prior Injury,Moderate,8.28,53.1,58.5,0.905,103.6,1.05,1.17,0.96,1.0,3.85,Moderate
61,Male,26.9,4.4,38.1,Meniscus Tear,Light,8.6,39.7,49.6,0.7,106.1,0.86,1.18,0.85,1.11,4.94,Moderate
63,Female,34.0,7.9,69.8,ACL Tear,Sedentary,9.47,48.2,32.1,1.304,86.4,1.19,0.78,0.95,0.45,11.14,High
64,Female,23.8,1.3,5.0,ACL Tear,Light,3.13,63.6,61.9,0.997,111.5,1.33,1.13,1.15,1.31,2.38,Low
60,Male,27.1,3.9,33.1,Meniscus Tear,Moderate,4.77,58.7,46.6,1.091,102.4,1.18,0.82,0.99,0.7,4.6,Moderate
20,Female,23.6,0.5,7.7,No Prior Injury,Moderate,1.59,61.6,62.9,0.951,118.3,1.24,1.24,1.05,1.11,1.42,Low
56,Male,23.7,4.5,25.9,Repetitive Strain,Light,6.2,43.9,51.5,0.79,84.7,0.91,1.23,0.85,1.17,6.13,Moderate
63,Female,35.2,6.1,44.2,No Prior Injury,Light,7.06,52.7,39.4,1.153,104.5,1.28,1.08,1.06,0.81,5.22,Moderate
41,Male,24.3,0.0,21.2,No Prior Injury,Active,3.37,64.0,61.9,1.023,113.9,1.14,1.14,1.06,1.15,1.49,Low
50,Female,29.1,4.5,23.5,No Prior Injury,Light,5.86,42.1,54.7,0.888,92.3,1.03,0.91,0.98,1.03,4.15,Moderate
70,Female,23.9,3.6,22.6,No Prior Injury,Light,7.66,48.8,59.3,0.944,98.6,0.71,0.94,0.81,1.05,6.8,Moderate
40,Male,27.0,1.1,11.5,No Prior Injury,Moderate,1.25,59.4,59.3,1.04,103.5,1.28,1.18,1.18,1.13,1.85,Low
56,Male,22.8,0.6,3.0,No Prior Injury,Light,0.83,63.4,60.7,1.061,116.1,1.35,1.17,1.23,1.04,2.25,Low
68,Female,30.2,3.1,26.8,No Prior Injury,Light,6.57,53.5,47.5,1.067,92.7,1.03,0.9,1.05,0.78,5.1,Moderate
58,Female,36.0,3.1,45.3,Meniscus Tear,Light,5.6,43.0,49.6,0.856,85.7,1.04,1.32,0.88,1.2,3.99,Moderate
53,Male,20.5,2.7,0.0,ACL Tear,Moderate,0.22,68.6,68.4,0.962,96.8,1.23,1.27,1.25,0.94,1.24,Low
57,Female,27.8,4.1,22.7,No Prior Injury,Light,7.86,54.3,42.3,1.091,116.8,1.19,1.01,1.15,0.75,4.41,Moderate
34,Female,28.3,2.1,2.3,Fracture,Active,3.08,61.8,58.5,1.013,99.6,1.27,1.26,1.3,1.0,1.5,Low
73,Female,31.7,7.7,47.3,No Prior Injury,Sedentary,17.96,46.7,30.4,1.438,85.8,1.18,0.76,0.95,0.6,9.9,High
59,Female,18.5,1.6,7.5,Meniscus Tear,Light,0.11,62.2,62.8,0.98,107.3,1.33,1.28,1.09,1.22,1.95,Low
29,Female,19.7,0.9,0.0,Meniscus Tear,Active,0.1,61.8,56.2,1.007,128.2,1.25,1.22,1.12,1.12,2.49,Low
46,Male,32.1,3.8,39.4,No Prior Injury,Light,9.04,58.2,46.5,1.104,107.4,1.28,1.02,0.97,0.86,3.25,Moderate
50,Male,30.4,3.1,16.1,Repetitive Strain,Light,5.07,61.6,54.2,1.053,94.3,1.11,0.83,0.95,0.88,4.63,Moderate
63,Male,42.4,7.3,61.8,ACL Tear,Light,16.57,51.7,38.6,1.387,81.9,1.21,0.6,0.85,0.72,11.11,High
40,Female,18.5,1.3,8.8,No Prior Injury,Active,4.38,57.4,60.3,1.057,110.1,1.25,1.15,1.26,1.2,2.77,Low
42,Female,28.0,5.6,27.4,Repetitive Strain,Active,8.57,50.9,43.6,1.082,85.5,1.22,1.08,1.09,1.03,5.04,Moderate
51,Female,26.7,4.7,29.4,No Prior Injury,Moderate,6.41,59.2,53.4,1.208,95.0,1.04,0.99,0.89,0.82,2.83,Moderate
67,Female,32.8,7.3,68.4,No Prior Injury,Light,14.34,30.2,46.1,0.631,74.9,0.67,1.11,0.86,1.06,9.97,High
76,Male,34.0,9.3,74.9,Meniscus Tear,Light,10.45,31.9,44.0,0.692,87.6,0.67,1.06,0.35,1.0,7.42,High
39,Female,21.2,0.0,8.6,No Prior Injury,Sedentary,1.07,67.4,68.4,1.0,120.5,1.29,1.24,1.15,1.05,2.05,Low
50,Male,23.9,1.9,6.9,No Prior Injury,Active,0.99,54.4,51.5,1.03,111.2,1.29,1.15,1.27,1.23,2.09,Low
31,Female,21.5,0.8,13.3,No Prior Injury,Moderate,3.48,61.2,62.6,1.013,130.2,1.16,1.29,1.1,1.06,1.79,Low
33,Male,20.5,2.4,4.5,No Prior Injury,Moderate,2.72,56.3,59.2,1.055,122.1,1.32,1.3,1.3,1.17,2.12,Low
73,Female,37.0,7.6,64.2,Repetitive Strain,Moderate,13.52,40.1,26.9,1.278,83.7,0.95,0.6,0.98,0.42,5.26,High
54,Female,31.2,6.2,63.3,ACL Tear,Sedentary,16.94,52.0,38.5,1.431,96.7,0.83,0.79,0.98,0.51,8.18,High
74,Female,31.0,7.0,45.3,Meniscus Tear,Moderate,15.78,44.5,36.0,1.281,56.1,0.91,0.74,0.75,0.61,9.03,High
41,Male,23.1,2.0,6.7,No Prior Injury,Light,0.54,60.6,58.3,1.012,103.5,1.31,1.23,1.17,1.05,1.88,Low
43,Female,27.0,3.6,35.4,No Prior Injury,Sedentary,4.99,50.2,38.1,1.153,86.3,1.36,1.07,1.13,0.85,2.9,Moderate
33,Female,26.9,0.0,14.4,Meniscus Tear,Moderate,0.94,62.2,62.1,0.947,116.5,1.31,1.31,1.24,1.19,1.59,Low
41,Male,27.8,0.0,11.5,No Prior Injury,Active,1.47,65.2,66.6,1.041,114.0,1.35,1.25,1.15,1.11,2.58,Low
55,Female,32.6,2.2,32.3,No Prior Injury,Moderate,7.58,40.7,55.1,0.98,89.5,1.07,1.1,0.89,1.0,4.08,Moderate
54,Female,19.2,1.1,5.7,No Prior Injury,Moderate,2.91,58.8,58.4,0.976,112.6,1.21,1.25,1.21,1.28,1.18,Low
47,Male,27.8,2.8,37.3,Meniscus Tear,Active,10.0,55.4,45.5,1.107,92.3,1.12,0.93,1.09,0.87,6.02,Moderate
20,Female,27.2,0.0,7.9,No Prior Injury,Sedentary,3.39,59.7,57.9,1.07,120.2,1.33,1.23,1.29,1.12,1.78,Low
47,Male,24.7,1.5,7.9,No Prior Injury,Very Active,2.27,64.6,63.7,1.064,115.7,1.34,1.25,1.21,1.07,1.57,Low
76,Female,34.8,8.8,57.8,Meniscus Tear,Sedentary,8.66,26.7,41.2,0.634,73.7,0.4,1.01,0.75,1.07,8.82,High
71,Male,33.8,2.8,14.0,Meniscus Tear,Moderate,4.97,58.7,46.8,1.02,104.3,1.11,1.0,0.94,0.75,4.09,Moderate
54,Female,31.2,9.9,67.0,Repetitive Strain,Sedentary,11.06,40.4,28.0,1.288,74.2,0.97,0.79,1.02,0.47,7.67,High
64,Female,23.5,5.4,34.6,No Prior Injury,Light,4.46,56.1,44.7,1.02,95.1,1.15,1.17,0.89,0.92,4.45,Moderate
71,Female,33.9,7.2,71.2,Fracture,Light,10.75,40.5,52.0,0.661,63.6,0.59,1.13,0.48,0.82,6.95,High
43,Male,25.4,0.4,5.7,No Prior Injury,Moderate,2.12,58.9,59.8,0.994,121.3,1.3,1.02,1.1,1.09,2.04,Low
62,Female,24.6,5.9,29.9,No Prior Injury,Active,3.19,47.6,56.6,0.969,94.0,0.84,0.87,0.79,1.13,4.1,Moderate
36,Female,19.2,0.9,12.0,No Prior Injury,Sedentary,1.76,60.3,58.4,1.024,106.2,1.23,1.19,1.08,1.14,1.69,Low
54,Female,19.4,1.2,12.0,No Prior Injury,Moderate,4.5,53.6,51.8,1.027,114.9,1.16,1.19,1.05,1.13,2.28,Low
50,Female,24.9,1.2,0.0,No Prior Injury,Moderate,0.3,63.1,55.8,0.993,125.8,1.26,1.32,1.16,1.08,0.8,Low
76,Male,24.5,7.2,63.7,ACL Tear,Sedentary,11.55,47.3,34.6,1.212,63.8,1.15,0.74,0.82,0.6,6.91,High
37,Male,25.1,1.3,12.7,No Prior Injury,Light,0.89,60.4,62.4,1.018,102.6,1.27,1.31,1.29,1.22,2.18,Low
56,Male,27.5,1.4,8.5,Meniscus Tear,Moderate,0.18,63.9,59.7,1.061,110.7,1.21,1.14,1.0,1.21,1.84,Low
60,Female,26.2,3.3,21.5,No Prior Injury,Active,4.1,52.0,59.5,0.81,108.5,1.13,1.13,0.92,1.09,3.92,Moderate
55,Female,33.0,5.7,26.4,No Prior Injury,Moderate,8.18,60.8,52.3,1.22,98.2,1.11,1.19,1.2,0.85,4.22,Moderate
31,Female,21.4,0.7,3.5,No Prior Injury,Light,0.34,60.5,60.0,0.988,113.5,1.15,1.25,1.16,1.0,2.3,Low
63,Female,34.4,6.2,65.0,ACL Tear,Light,14.34,40.5,31.7,1.211,80.2,1.04,0.77,1.03,0.72,10.37,High
82,Female,33.6,6.3,77.9,Meniscus Tear,Moderate,13.27,45.5,30.0,1.457,81.4,1.19,0.7,0.97,0.69,5.01,High
55,Male,28.3,6.3,51.8,No Prior Injury,Moderate,5.44,38.0,47.0,0.795,97.4,1.25,1.29,0.9,1.01,5.17,Moderate
72,Female,30.0,7.4,77.4,Fracture,Moderate,14.18,28.7,44.6,0.766,66.4,0.51,1.24,0.58,1.04,9.39,High
47,Male,24.1,2.0,11.1,No Prior Injury,Very Active,0.89,59.0,57.7,1.01,114.6,1.37,1.32,1.12,1.03,2.02,Low
66,Male,36.9,7.1,38.0,No Prior Injury,Sedentary,11.96,28.1,41.7,0.713,88.4,0.66,1.17,0.68,1.0,7.39,High
60,Female,30.4,7.7,69.9,No Prior Injury,Light,12.12,41.4,52.0,0.597,75.3,0.93,1.22,0.64,1.02,10.39,High
52,Female,30.1,6.7,23.6,No Prior Injury,Light,7.07,41.5,50.7,0.92,98.3,0.83,1.35,1.08,1.13,4.57,Moderate
77,Female,28.5,6.9,85.4,ACL Tear,Sedentary,14.8,51.7,35.7,1.393,65.5,1.14,0.62,0.98,0.74,6.98,High
57,Male,37.6,7.6,48.4,ACL Tear,Light,9.59,41.9,30.5,1.309,68.8,0.94,0.71,0.84,0.67,6.57,High
47,Female,21.0,6.8,31.0,No Prior Injury,Light,5.54,52.1,46.7,1.278,96.2,1.08,1.03,1.0,0.97,4.18,Moderate
20,Male,22.6,0.0,10.7,Meniscus Tear,Moderate,1.35,59.9,60.0,0.982,113.6,1.17,1.13,1.21,1.2,1.4,Low
65,Female,28.8,4.1,24.3,Meniscus Tear,Sedentary,8.35,54.9,61.0,0.88,81.1,1.13,1.23,0.79,1.03,4.11,Moderate
50,Female,33.5,3.7,35.5,No Prior Injury,Moderate,6.7,43.3,57.1,0.769,98.7,0.9,0.98,0.9,1.01,3.99,Moderate
41,Female,31.9,3.3,25.3,Repetitive Strain,Light,6.2,54.4,41.3,1.093,90.7,1.22,0.94,1.1,1.08,4.99,Moderate
75,Male,32.4,7.0,38.2,No Prior Injury,Sedentary,16.52,50.3,35.1,1.42,88.1,0.98,0.67,1.03,0.63,6.63,High
47,Female,33.4,5.9,40.2,No Prior Injury,Sedentary,2.8,56.3,49.7,1.065,102.9,1.07,1.16,0.96,0.87,4.61,Moderate
65,Male,32.0,2.1,20.9,ACL Tear,Light,3.72,50.4,39.9,1.039,89.3,1.07,0.93,1.3,0.78,2.4,Moderate
31,Female,18.5,2.5,12.8,No Prior Injury,Light,1.63,61.2,62.1,1.027,106.1,1.26,1.29,1.28,1.2,2.19,Low
71,Female,31.5,9.4,42.6,ACL Tear,Sedentary,12.22,45.9,29.4,1.498,78.7,1.19,0.61,0.81,0.49,5.55,High
58,Female,21.4,0.8,0.0,No Prior Injury,Active,2.63,63.9,63.5,1.051,108.0,1.28,1.26,1.28,1.23,1.15,Low
58,Female,27.2,4.9,20.4,No Prior Injury,Sedentary,7.82,45.6,56.2,0.879,106.8,0.93,1.14,0.71,1.13,3.65,Moderate
55,Female,29.6,7.6,66.7,Meniscus Tear,Sedentary,10.85,35.0,49.1,0.718,67.3,0.74,0.96,0.49,1.11,4.5,High
36,Female,23.0,1.3,5.7,Repetitive Strain,Active,1.11,58.6,59.8,1.02,113.5,1.35,0.97,1.21,1.08,0.88,Low
40,Male,22.4,0.9,7.6,No Prior Injury,Light,0.1,66.6,67.3,0.988,106.7,1.14,1.28,1.06,1.31,1.15,Low
75,Female,30.9,9.5,54.6,Meniscus Tear,Sedentary,13.12,46.2,33.1,1.347,67.2,1.04,0.68,1.12,0.66,7.05,High
71,Female,28.2,4.5,22.7,ACL Tear,Light,2.8,43.6,53.1,0.848,102.0,0.83,1.08,0.78,0.9,3.69,Moderate
51,Male,25.4,0.8,3.8,No Prior Injury,Light,2.56,64.0,62.4,1.002,101.1,1.32,1.3,1.34,1.11,1.91,Low
29,Male,23.3,0.9,12.7,No Prior Injury,Very Active,0.1,59.9,61.4,0.98,97.0,1.31,1.18,1.04,1.08,1.71,Low
48,Male,30.0,1.4,3.8,No Prior Injury,Light,0.29,57.4,59.1,0.941,119.6,1.26,1.28,1.11,1.11,1.94,Low
68,Male,34.1,6.5,57.8,Meniscus Tear,Sedentary,14.57,31.0,47.5,0.703,72.5,0.63,0.92,0.7,1.09,5.0,High
51,Female,24.4,0.9,20.2,No Prior Injury,Light,0.81,67.2,60.6,0.999,117.1,1.26,1.23,1.03,1.16,1.42,Low
48,Female,42.0,8.1,53.3,ACL Tear,Sedentary,13.16,36.4,48.4,0.757,85.3,0.65,1.16,0.62,1.0,11.6,High
58,Female,21.0,6.1,38.4,No Prior Injury,Sedentary,4.74,46.3,55.7,0.876,96.7,1.01,1.07,0.89,1.08,4.54,Moderate
30,Female,22.5,0.8,10.8,No Prior Injury,Active,1.22,55.8,56.0,1.031,102.1,1.12,1.29,1.18,1.16,1.97,Low
61,Female,33.0,4.4,31.8,Meniscus Tear,Moderate,6.91,48.3,57.7,0.879,107.2,0.81,1.3,0.98,1.04,5.05,Moderate
74,Female,33.2,7.8,65.0,Meniscus Tear,Sedentary,7.5,43.4,33.0,1.242,81.2,1.16,0.75,0.98,0.7,5.21,High
71,Female,21.0,4.5,23.8,ACL Tear,Sedentary,3.26,41.3,49.3,0.926,102.0,0.98,1.22,0.77,1.09,3.74,Moderate
52,Female,24.4,0.2,8.4,No Prior Injury,Light,2.25,62.4,60.8,1.093,100.7,1.12,1.37,1.21,1.05,2.1,Low
30,Female,26.6,0.7,0.0,No Prior Injury,Active,4.5,63.0,65.9,1.008,115.8,1.19,1.07,1.2,0.95,1.64,Low
45,Female,34.6,5.1,21.0,No Prior Injury,Light,5.1,43.0,53.2,0.813,101.2,0.73,1.25,0.69,1.06,2.2,Moderate
74,Female,41.0,8.7,63.0,Fracture,Sedentary,11.68,46.8,31.1,1.217,68.2,1.04,0.47,1.0,0.64,7.17,High
64,Female,24.2,4.4,27.2,Meniscus Tear,Light,6.94,49.7,57.8,0.813,75.0,0.94,1.12,0.75,0.86,3.07,Moderate
71,Male,35.2,6.5,50.4,Meniscus Tear,Light,12.38,47.2,29.2,1.349,80.0,1.11,0.62,0.66,0.73,8.78,High
43,Male,21.4,0.5,8.1,No Prior Injury,Moderate,1.22,53.4,55.9,0.939,112.4,1.32,1.39,1.17,1.12,0.81,Low
20,Female,22.4,0.0,0.8,No Prior Injury,Active,1.58,57.3,55.8,1.044,111.4,1.0,1.22,1.25,1.06,1.61,Low
67,Male,39.0,8.3,63.0,No Prior Injury,Sedentary,13.83,46.7,38.4,1.307,72.5,0.91,0.58,1.07,0.56,7.55,High
24,Female,26.7,1.3,5.7,No Prior Injury,Active,0.29,59.5,62.5,0.977,119.0,1.25,1.28,1.06,1.09,1.57,Low
35,Female,23.3,1.2,4.2,No Prior Injury,Moderate,1.75,65.8,63.7,1.016,111.6,1.37,1.35,1.09,1.02,1.7,Low
20,Male,21.5,0.0,3.4,No Prior Injury,Very Active,0.14,63.1,63.5,1.017,104.3,1.06,1.06,1.04,1.06,1.72,Low
49,Male,25.8,0.7,6.7,No Prior Injury,Light,3.74,60.3,62.9,1.003,110.6,1.18,1.11,1.27,1.19,0.99,Low
67,Female,28.3,6.9,58.3,Fracture,Sedentary,11.54,30.1,46.9,0.605,78.5,0.71,1.1,0.61,0.94,9.15,High
56,Female,36.9,7.4,58.7,Meniscus Tear,Sedentary,7.5,29.5,45.3,0.798,71.5,0.77,1.12,0.79,0.96,7.9,High
20,Male,22.7,1.2,7.3,No Prior Injury,Moderate,1.33,58.0,58.2,1.03,110.6,1.29,1.18,1.17,1.21,1.43,Low
47,Female,28.8,5.3,35.0,No Prior Injury,Light,3.97,40.8,54.9,0.863,82.9,0.9,1.34,0.81,0.9,4.32,Moderate
38,Male,27.2,3.5,13.9,No Prior Injury,Light,0.69,63.4,65.9,0.986,105.3,1.34,1.33,1.17,1.2,1.78,Low
51,Female,30.0,7.0,67.3,ACL Tear,Sedentary,18.02,30.9,45.7,0.701,73.6,0.7,1.21,0.62,1.22,10.52,High
64,Female,29.3,4.1,44.4,Meniscus Tear,Moderate,6.36,52.3,62.0,0.785,95.4,0.97,1.16,0.77,1.06,2.44,Moderate
34,Male,21.7,1.3,0.0,No Prior Injury,Moderate,0.65,64.7,64.8,0.99,111.0,1.28,1.25,0.95,1.12,1.37,Low
24,Male,22.1,0.4,5.2,No Prior Injury,Light,0.91,62.7,61.7,0.992,113.4,1.17,1.09,1.31,1.08,1.75,Low
60,Male,26.8,5.1,33.9,Meniscus Tear,Sedentary,7.42,59.2,49.2,1.122,85.6,0.91,0.98,1.14,0.79,2.2,Moderate
63,Male,27.8,7.2,62.5,Fracture,Light,20.36,50.3,33.4,1.34,73.5,1.12,0.69,0.97,0.61,5.89,High
41,Female,24.5,0.0,15.1,No Prior Injury,Sedentary,2.69,61.8,68.0,1.021,111.4,1.2,1.19,1.15,1.15,1.57,Low
23,Male,24.8,2.5,13.6,No Prior Injury,Moderate,3.37,57.8,55.9,0.944,122.8,1.46,1.24,1.34,1.15,1.61,Low
30,Female,27.5,0.8,7.0,Repetitive Strain,Light,4.5,68.3,65.0,1.028,130.3,1.19,1.09,0.98,1.2,0.86,Low
73,Female,27.6,3.3,43.2,Repetitive Strain,Moderate,7.37,45.3,54.5,0.876,97.4,1.12,1.41,0.97,1.0,4.87,Moderate
73,Male,32.6,6.0,56.2,Meniscus Tear,Light,12.23,47.3,40.9,1.271,64.5,1.02,0.77,0.91,0.4,8.69,High
42,Male,24.1,2.3,12.7,No Prior Injury,Moderate,0.28,63.8,59.2,1.067,101.9,1.15,1.17,1.07,1.12,1.45,Low
28,Male,21.0,2.9,6.5,No Prior Injury,Active,0.13,64.7,64.1,1.03,115.9,1.13,1.33,1.23,1.07,1.82,Low
44,Female,23.2,5.4,39.5,Meniscus Tear,Light,9.78,38.8,54.1,0.816,94.4,0.84,1.27,0.88,0.88,4.98,Moderate
52,Female,21.0,3.7,36.7,Fracture,Moderate,6.83,44.6,53.2,0.826,80.6,0.91,1.06,0.64,1.21,4.38,Moderate
37,Female,19.9,0.0,15.5,No Prior Injury,Light,0.75,62.9,67.3,1.048,113.7,1.35,1.35,1.1,1.07,1.84,Low
51,Male,21.0,4.6,20.4,Meniscus Tear,Sedentary,7.56,58.9,47.3,1.074,94.5,1.25,0.86,0.83,0.99,5.01,Moderate
44,Male,24.7,1.5,13.1,No Prior Injury,Moderate,0.26,67.3,66.1,0.961,117.2,1.25,1.01,1.22,1.14,2.4,Low
33,Male,22.1,0.2,3.8,No Prior Injury,Active,2.61,58.9,61.5,1.029,112.1,1.23,1.25,1.1,0.95,2.82,Low
61,Female,34.8,8.2,59.4,ACL Tear,Sedentary,10.21,32.0,48.9,0.509,77.7,0.73,1.05,0.56,0.95,10.47,High
31,Male,21.8,0.0,12.2,No Prior Injury,Moderate,1.4,63.1,66.2,0.96,103.0,1.17,1.24,0.99,1.14,2.65,Low
38,Male,25.3,0.0,7.0,No Prior Injury,Moderate,0.1,62.4,60.7,1.012,117.0,1.14,1.34,1.14,1.2,1.26,Low
57,Male,28.6,8.7,61.6,Meniscus Tear,Light,9.62,34.7,51.8,0.796,80.2,0.66,1.08,0.57,0.76,9.52,High
48,Male,22.4,0.5,8.0,No Prior Injury,Moderate,1.25,64.2,62.9,0.947,108.7,1.26,1.19,1.13,1.13,1.76,Low
56,Male,29.8,5.1,14.0,ACL Tear,Sedentary,4.35,44.7,50.4,0.718,89.3,0.95,1.19,1.06,1.07,4.81,Moderate
42,Male,18.5,0.6,6.7,No Prior Injury,Very Active,4.34,62.4,65.3,1.022,126.9,1.2,1.27,0.99,0.92,2.22,Low
59,Female,34.7,7.0,78.3,ACL Tear,Active,18.53,37.2,26.0,1.249,72.7,1.22,0.64,1.14,0.43,8.55,High
76,Male,33.4,6.3,54.9,No Prior Injury,Sedentary,17.14,35.6,43.4,0.753,78.9,0.84,1.14,0.47,0.99,10.25,High
62,Female,24.9,3.5,46.9,Fracture,Very Active,8.49,45.8,56.5,0.85,108.1,0.9,1.22,1.04,0.86,3.05,Moderate
52,Female,22.9,0.0,9.1,No Prior Injury,Very Active,2.1,69.9,70.8,1.046,107.1,1.15,1.27,0.99,1.11,1.92,Low
55,Female,27.7,7.2,46.3,Repetitive Strain,Sedentary,14.23,46.2,30.0,1.425,66.3,1.07,0.52,1.01,0.49,6.56,High
69,Female,25.9,6.8,23.2,Meniscus Tear,Moderate,5.17,38.0,52.7,0.98,105.3,0.98,0.94,0.83,1.07,3.28,Moderate
20,Male,24.0,2.7,12.0,No Prior Injury,Sedentary,4.5,66.3,66.0,0.921,112.8,1.45,1.27,1.15,1.17,1.79,Low
45,Female,26.3,0.0,8.5,No Prior Injury,Active,3.39,60.4,57.1,1.04,105.0,1.15,1.23,1.19,1.15,1.43,Low
27,Male,24.4,0.5,0.0,No Prior Injury,Light,1.08,60.0,58.1,1.015,107.2,1.22,1.18,1.32,1.14,1.27,Low
44,Female,22.5,0.0,0.6,No Prior Injury,Moderate,0.25,72.0,69.9,1.02,97.6,1.2,1.16,1.09,1.12,1.56,Low
48,Male,29.0,4.2,29.7,No Prior Injury,Sedentary,7.79,47.7,57.9,0.758,92.3,1.06,1.42,1.05,1.01,3.25,Moderate
66,Male,31.0,7.6,61.4,Meniscus Tear,Sedentary,14.64,42.7,24.0,1.386,87.3,1.08,0.76,1.03,0.63,7.43,High
51,Female,28.9,4.4,29.0,Meniscus Tear,Moderate,4.79,50.6,61.7,0.802,88.2,0.97,1.07,0.8,1.12,5.61,Moderate
75,Female,27.6,6.3,51.3,Meniscus Tear,Sedentary,8.42,50.0,40.7,1.313,68.4,1.26,0.59,0.93,0.88,7.19,High
71,Female,24.5,8.5,63.2,Fracture,Sedentary,14.39,28.9,48.3,0.643,56.2,0.58,0.91,0.6,0.8,5.37,High
72,Female,30.8,6.4,38.5,Meniscus Tear,Sedentary,17.5,46.7,35.1,1.15,98.0,0.81,0.78,1.01,0.7,6.38,High
29,Male,22.9,1.1,5.4,No Prior Injury,Active,2.04,60.9,62.9,0.951,121.4,1.19,1.13,1.15,1.08,2.54,Low
67,Female,27.5,6.2,26.8,ACL Tear,Active,8.9,53.3,58.9,0.978,98.0,1.09,0.9,0.94,1.13,3.54,Moderate
54,Female,39.0,7.9,61.2,Meniscus Tear,Light,14.45,49.5,38.5,1.418,78.8,1.25,0.65,0.73,0.56,4.5,High
37,Male,22.9,0.7,7.5,No Prior Injury,Light,0.6,64.4,62.4,1.061,109.5,1.4,1.18,0.97,1.18,1.92,Low
60,Female,34.4,8.6,47.6,Meniscus Tear,Sedentary,13.84,33.4,48.2,0.539,89.6,0.57,0.96,0.43,0.74,9.08,High
68,Female,33.1,6.8,49.7,ACL Tear,Light,11.49,44.0,51.7,0.72,73.9,0.59,1.16,0.62,0.98,10.18,High
63,Male,32.9,6.5,68.4,Meniscus Tear,Sedentary,11.39,29.2,48.5,0.64,75.5,0.66,1.0,0.49,0.78,7.76,High
30,Female,26.1,0.6,2.8,No Prior Injury,Very Active,4.03,58.0,59.8,0.952,119.4,1.24,1.22,1.21,1.23,1.79,Low
49,Female,26.2,1.5,4.0,No Prior Injury,Sedentary,0.8,53.4,55.5,1.045,108.8,1.23,1.31,1.31,1.26,1.31,Low
47,Male,36.0,2.0,29.0,No Prior Injury,Light,6.49,55.9,49.5,1.094,98.1,1.19,0.92,1.1,0.82,4.68,Moderate
73,Female,32.4,5.5,70.4,Repetitive Strain,Light,11.43,32.4,47.2,0.712,63.9,0.89,1.3,0.53,1.08,6.55,High
47,Male,27.0,5.5,16.4,Fracture,Light,9.45,54.6,42.7,1.114,104.3,1.17,1.0,0.96,1.0,2.74,Moderate
57,Male,24.1,3.3,14.8,Repetitive Strain,Moderate,0.75,60.2,61.4,1.037,120.5,1.24,1.07,1.11,1.12,1.55,Low
37,Male,27.9,2.7,10.6,No Prior Injury,Moderate,2.52,65.7,66.9,0.922,117.3,1.35,1.11,1.07,1.06,1.44,Low
67,Female,34.8,9.0,38.0,ACL Tear,Moderate,12.7,39.6,24.0,1.397,80.8,0.9,0.57,1.09,0.73,6.84,High
66,Male,24.5,9.1,58.7,Fracture,Sedentary,16.48,45.2,34.1,1.301,78.3,1.08,0.83,1.16,0.67,7.62,High
73,Male,32.2,7.7,54.9,No Prior Injury,Sedentary,16.48,48.2,37.9,1.345,88.0,1.15,0.77,1.03,0.57,7.8,High
71,Male,39.2,7.0,80.1,Meniscus Tear,Light,11.38,44.2,32.9,1.302,97.2,1.1,0.51,0.99,0.67,7.83,High
79,Female,26.8,7.4,53.5,No Prior Injury,Moderate,12.6,45.1,31.6,1.426,83.2,1.25,0.73,0.87,0.61,10.0,High
59,Female,23.6,5.2,15.0,Meniscus Tear,Sedentary,3.78,61.1,47.3,1.18,90.8,1.15,1.21,1.06,0.99,4.38,Moderate
20,Female,28.3,2.2,4.9,No Prior Injury,Moderate,0.3,63.9,64.8,0.96,104.3,1.27,1.31,0.98,1.19,1.53,Low
67,Male,28.6,5.0,26.7,Meniscus Tear,Moderate,6.0,50.8,59.4,0.836,105.6,0.97,1.09,0.88,1.07,3.34,Moderate
52,Female,23.1,0.5,14.2,No Prior Injury,Moderate,4.5,63.9,63.6,1.08,100.2,1.32,1.18,1.12,1.11,1.4,Low
68,Female,29.6,2.3,45.9,Meniscus Tear,Moderate,8.08,53.8,38.0,1.171,81.7,1.16,0.9,0.92,0.85,3.25,Moderate
40,Female,26.4,2.0,2.3,Meniscus Tear,Moderate,2.27,61.4,59.7,1.009,98.2,1.35,1.24,1.1,1.06,1.68,Low
64,Female,32.5,6.1,40.9,No Prior Injury,Moderate,8.23,50.6,43.5,1.154,93.4,1.0,0.93,1.24,1.0,4.75,Moderate
56,Male,34.5,5.7,81.2,No Prior Injury,Light,11.19,45.5,31.4,1.342,81.0,1.31,0.87,1.03,0.76,7.26,High
35,Female,24.1,3.2,25.6,No Prior Injury,Light,6.26,46.2,55.8,0.891,92.1,1.25,1.37,0.88,1.05,3.75,Moderate
35,Female,26.4,0.0,9.9,No Prior Injury,Moderate,0.76,59.7,58.6,0.971,110.4,1.32,1.26,1.29,1.05,2.24,Low
39,Male,28.3,4.0,44.6,No Prior Injury,Sedentary,8.24,56.0,39.6,1.143,89.9,1.03,0.95,1.01,0.85,5.16,Moderate
33,Female,22.6,1.6,11.3,No Prior Injury,Moderate,1.06,64.3,63.7,1.036,106.6,1.28,1.08,1.19,1.32,1.3,Low
51,Female,31.3,5.0,26.0,No Prior Injury,Light,3.21,45.0,53.5,0.921,94.7,0.86,1.07,0.7,0.93,3.69,Moderate
51,Female,32.1,4.1,34.4,Meniscus Tear,Sedentary,3.89,49.7,55.5,0.85,92.5,1.06,1.22,0.94,0.93,4.3,Moderate
72,Male,31.2,7.4,39.6,Fracture,Light,14.63,52.0,42.3,1.388,78.7,1.07,0.61,0.97,0.63,6.7,High
40,Female,20.9,1.5,8.9,No Prior Injury,Very Active,3.01,58.0,55.7,0.947,126.5,1.41,1.25,1.3,1.13,1.68,Low
33,Female,20.6,0.0,8.5,ACL Tear,Active,3.07,58.5,62.2,0.997,110.6,1.55,1.27,1.08,1.1,2.37,Low
56,Female,21.0,4.6,14.0,No Prior Injury,Sedentary,6.28,53.4,39.3,1.079,91.9,1.19,1.01,1.05,0.97,2.2,Moderate
28,Female,24.3,0.2,14.1,No Prior Injury,Active,1.38,60.3,58.3,1.0,108.8,1.11,1.34,1.08,1.07,2.3,Low
60,Female,32.6,7.6,58.6,ACL Tear,Sedentary,12.19,41.8,32.8,1.47,57.6,1.21,0.78,0.89,0.35,11.71,High
40,Female,24.3,4.5,21.0,Repetitive Strain,Sedentary,2.98,57.3,51.7,1.096,116.5,1.38,0.9,1.04,0.8,5.14,Moderate
52,Male,31.5,3.4,43.8,Meniscus Tear,Light,2.8,49.1,56.8,0.834,83.9,1.05,1.14,0.83,1.02,2.98,Moderate
71,Female,32.9,5.1,43.4,No Prior Injury,Moderate,4.36,53.2,38.0,1.185,88.4,1.16,0.98,0.99,0.84,5.82,Moderate
47,Male,24.3,3.8,23.2,Meniscus Tear,Moderate,2.8,40.5,48.6,0.845,84.7,0.88,1.03,0.95,1.06,4.16,Moderate
36,Male,29.7,2.3,0.0,No Prior Injury,Light,0.96,72.0,71.4,0.968,111.6,1.23,1.27,1.28,1.22,1.26,Low
49,Male,23.1,0.0,6.7,No Prior Injury,Moderate,0.1,67.4,69.5,1.057,123.5,1.28,1.04,1.19,1.23,1.76,Low
57,Female,30.3,5.8,28.3,Fracture,Moderate,7.9,51.0,59.6,0.81,118.0,0.79,1.17,0.8,0.95,4.34,Moderate
47,Female,32.8,5.4,23.6,No Prior Injury,Sedentary,6.83,59.0,46.3,1.062,107.7,1.2,1.02,1.19,0.87,3.67,Moderate
27,Male,25.6,0.0,4.5,No Prior Injury,Active,0.92,70.5,67.7,1.049,104.4,1.16,1.0,1.3,1.06,1.74,Low
60,Female,27.1,4.4,52.0,ACL Tear,Light,6.27,46.9,55.1,0.828,103.1,1.0,1.2,0.97,1.0,4.45,Moderate
64,Male,27.5,6.4,46.4,Meniscus Tear,Sedentary,13.5,48.3,33.9,1.542,87.1,1.28,0.77,0.91,0.76,8.53,High
72,Female,30.2,8.4,49.9,Meniscus Tear,Sedentary,12.57,50.0,42.7,1.449,72.1,0.99,0.7,1.07,0.8,4.63,High
42,Male,24.5,5.3,31.4,ACL Tear,Light,3.42,54.8,48.9,1.165,84.8,1.29,0.7,1.03,0.94,2.46,Moderate
32,Female,20.1,2.0,7.3,No Prior Injury,Moderate,2.08,64.5,63.4,0.933,115.1,1.25,1.32,1.08,1.06,1.46,Low
33,Male,23.9,0.2,2.0,Repetitive Strain,Light,0.56,66.6,68.8,0.979,108.5,1.33,1.08,1.04,1.24,1.21,Low
54,Female,21.0,3.0,51.3,ACL Tear,Light,7.78,55.0,55.0,1.259,99.8,1.23,0.71,1.0,0.64,3.87,Moderate
53,Female,28.5,4.7,26.2,No Prior Injury,Light,4.62,51.6,59.7,0.888,97.6,1.09,1.22,0.85,0.88,4.61,Moderate
64,Female,27.5,4.6,36.8,ACL Tear,Sedentary,4.48,38.0,48.4,0.822,94.2,0.97,1.09,0.86,0.95,4.26,Moderate
41,Female,22.6,3.0,9.8,No Prior Injury,Moderate,2.59,52.6,55.5,0.999,104.0,1.2,1.32,1.2,1.12,1.62,Low
62,Female,26.6,5.2,26.5,Meniscus Tear,Moderate,6.62,46.1,58.0,0.87,98.7,0.99,1.11,0.83,0.86,4.15,Moderate
33,Female,26.4,1.9,16.2,No Prior Injury,Moderate,0.63,61.6,58.5,1.047,100.3,1.18,1.14,0.99,1.15,2.7,Low
35,Female,27.1,0.0,5.3,No Prior Injury,Moderate,0.32,69.8,66.4,0.953,122.2,1.14,1.29,1.09,1.29,1.41,Low
57,Male,31.5,4.4,22.5,ACL Tear,Light,6.57,44.0,53.1,0.874,85.0,1.05,1.24,0.92,1.12,5.26,Moderate
60,Female,26.1,2.1,23.9,No Prior Injury,Light,5.35,38.0,49.2,0.913,94.1,0.86,1.28,0.96,1.2,4.22,Moderate
56,Female,25.3,5.5,39.7,Meniscus Tear,Light,6.74,53.5,41.7,1.164,99.7,1.3,1.25,1.05,0.95,5.68,Moderate
38,Female,26.0,4.9,41.2,No Prior Injury,Moderate,6.54,58.8,50.7,1.079,75.3,1.1,0.83,1.01,0.98,3.79,Moderate
31,Female,23.3,1.5,14.0,No Prior Injury,Active,1.21,65.4,64.5,1.054,116.2,1.24,1.47,1.23,1.19,1.16,Low
33,Male,24.9,2.7,0.0,No Prior Injury,Sedentary,1.18,59.5,59.3,1.056,117.2,1.1,1.35,1.06,1.11,1.93,Low
50,Male,29.7,4.2,22.8,ACL Tear,Sedentary,2.8,43.5,55.7,0.897,85.1,1.14,1.2,0.88,1.03,3.52,Moderate
23,Female,21.2,0.8,7.7,No Prior Injury,Active,1.61,63.2,64.1,1.02,102.2,1.32,1.22,1.12,1.2,2.02,Low
67,Male,24.2,4.4,38.7,ACL Tear,Moderate,6.25,52.4,39.5,1.171,97.5,1.35,1.06,0.95,0.77,2.98,Moderate
38,Male,24.7,0.6,9.0,Meniscus Tear,Light,0.6,65.4,62.6,0.904,108.7,1.34,1.29,1.19,1.11,1.16,Low
26,Female,26.5,1.9,7.3,No Prior Injury,Active,0.44,57.9,59.4,0.973,112.3,1.22,1.25,0.94,0.98,2.11,Low
48,Female,22.4,2.1,9.8,Meniscus Tear,Very Active,0.15,69.1,69.5,1.057,115.6,1.2,1.2,1.17,1.02,1.73,Low
29,Male,25.5,0.0,6.2,No Prior Injury,Moderate,0.22,63.0,63.9,0.946,106.1,1.24,1.43,1.14,1.24,1.82,Low
38,Male,23.9,0.5,0.0,No Prior Injury,Light,4.5,62.8,63.5,1.019,116.2,1.14,1.34,1.25,1.04,1.39,Low
55,Female,26.2,0.9,12.4,No Prior Injury,Very Active,0.86,69.7,65.9,1.009,117.9,1.31,1.18,1.4,1.03,1.26,Low
48,Male,36.0,6.8,25.6,Meniscus Tear,Sedentary,3.55,46.2,55.8,0.87,99.8,0.91,1.2,0.9,1.11,4.29,Moderate
64,Male,28.0,5.1,44.8,Repetitive Strain,Light,5.67,51.3,38.0,1.13,108.4,1.23,1.25,1.01,0.81,3.83,Moderate
30,Female,26.4,1.9,5.1,No Prior Injury,Active,1.38,60.7,61.3,0.953,107.7,1.23,1.12,1.28,1.02,2.47,Low
61,Female,25.6,4.9,27.9,No Prior Injury,Moderate,9.88,58.9,50.9,1.229,91.5,1.07,0.73,0.86,0.82,3.52,Moderate
84,Female,33.0,8.9,45.0,No Prior Injury,Sedentary,8.9,33.6,40.9,0.72,74.0,0.71,1.17,0.44,0.98,10.68,High
52,Male,29.0,0.6,0.0,No Prior Injury,Active,0.1,61.5,61.7,1.022,113.9,1.13,1.15,1.1,1.11,2.33,Low
22,Female,22.2,0.4,10.6,No Prior Injury,Sedentary,2.0,63.8,61.3,1.017,120.2,1.27,1.21,1.13,1.13,1.78,Low
59,Female,25.4,1.2,10.2,No Prior Injury,Active,0.47,58.7,59.6,1.035,102.4,1.22,1.19,1.09,1.3,2.0,Low
52,Male,34.9,1.8,36.1,No Prior Injury,Moderate,8.42,49.6,38.8,1.149,99.6,1.28,0.9,1.2,0.82,4.95,Moderate
52,Male,31.2,5.0,34.3,No Prior Injury,Light,6.27,45.4,57.7,0.843,115.0,1.01,1.04,0.76,0.94,4.15,Moderate
20,Female,24.9,2.0,2.4,No Prior Injury,Moderate,3.28,60.9,57.4,0.914,115.7,1.14,1.34,1.12,1.19,2.5,Low
48,Female,20.8,0.9,11.8,No Prior Injury,Moderate,0.2,68.6,64.5,0.944,115.2,1.38,1.25,1.07,1.23,2.13,Low
34,Female,24.8,2.1,10.7,No Prior Injury,Active,0.1,57.2,57.0,1.033,119.2,1.3,1.36,1.04,1.29,2.56,Low
48,Female,35.6,6.1,43.8,Meniscus Tear,Light,5.22,46.3,52.2,0.765,95.3,0.9,1.02,0.94,1.05,5.19,Moderate
32,Male,24.5,1.3,8.9,No Prior Injury,Light,0.43,61.9,60.7,1.054,115.4,1.25,1.1,1.03,1.17,0.8,Low
51,Female,31.1,3.6,46.9,No Prior Injury,Moderate,3.68,54.6,47.8,1.056,89.1,1.24,0.83,1.0,0.79,4.15,Moderate
54,Female,30.4,4.7,14.0,No Prior Injury,Active,9.09,57.4,44.6,1.059,105.7,1.06,1.02,1.11,0.99,3.32,Moderate
60,Female,32.5,5.5,14.0,Meniscus Tear,Sedentary,5.84,48.4,61.2,0.846,87.1,1.09,1.25,0.97,0.99,3.99,Moderate
51,Male,19.4,0.0,5.4,ACL Tear,Sedentary,3.68,61.2,60.0,1.021,104.1,1.11,1.25,1.12,1.2,1.76,Low
60,Male,30.0,5.2,25.5,No Prior Injury,Moderate,5.46,55.2,59.6,0.85,85.5,0.93,1.33,0.95,1.17,4.26,Moderate
59,Female,21.4,0.3,12.8,No Prior Injury,Sedentary,0.8,66.9,62.2,0.999,121.0,1.23,1.31,1.18,1.17,1.66,Low
57,Female,32.8,5.1,38.0,No Prior Injury,Sedentary,8.46,38.0,51.0,0.835,101.0,1.04,1.15,0.73,1.08,4.85,Moderate
66,Female,31.8,7.5,55.2,Meniscus Tear,Light,13.6,41.3,50.7,0.701,75.4,0.75,1.17,0.66,0.86,4.5,High
30,Male,24.1,2.6,3.9,No Prior Injury,Moderate,1.25,64.0,64.5,0.984,112.9,1.27,1.18,1.07,1.1,1.92,Low
74,Female,35.1,6.8,67.5,ACL Tear,Sedentary,13.07,41.7,26.7,1.351,92.2,0.94,0.73,1.2,0.58,10.07,High
50,Female,29.2,4.4,15.7,Meniscus Tear,Moderate,6.7,55.9,50.0,1.286,96.5,1.16,0.98,1.19,0.83,3.0,Moderate
33,Female,20.3,1.0,4.9,No Prior Injury,Very Active,0.97,62.8,61.5,1.052,110.3,1.34,1.4,1.27,1.04,1.67,Low
58,Female,26.4,4.5,37.5,No Prior Injury,Moderate,8.27,59.4,51.8,1.128,95.5,1.28,0.84,1.14,0.97,3.9,Moderate
25,Male,24.4,2.6,10.8,No Prior Injury,Light,1.65,60.3,61.0,0.983,108.2,1.12,1.23,1.1,0.88,2.83,Low
46,Female,21.6,1.5,8.4,No Prior Injury,Active,0.1,59.6,59.6,0.97,110.6,1.1,1.19,1.12,1.12,1.68,Low
62,Female,26.5,4.3,28.0,No Prior Injury,Very Active,5.28,55.0,45.4,1.02,86.2,1.28,0.99,1.03,0.8,5.56,Moderate
39,Female,22.6,2.2,1.8,No Prior Injury,Active,2.8,70.1,69.7,1.041,120.8,1.17,1.19,1.03,1.18,2.13,Low
45,Female,34.4,3.8,37.5,Meniscus Tear,Sedentary,3.76,51.4,61.4,0.875,102.1,0.98,1.1,0.75,1.0,4.36,Moderate
38,Female,28.4,2.9,52.0,Meniscus Tear,Moderate,6.76,46.2,51.5,0.748,97.9,1.02,1.11,0.95,1.19,4.45,Moderate
43,Female,21.1,0.1,14.7,No Prior Injury,Active,0.36,56.4,57.5,0.997,114.1,1.14,1.3,1.09,1.11,1.92,Low
63,Female,37.5,8.7,56.5,ACL Tear,Sedentary,12.53,43.4,28.7,1.372,70.5,0.94,0.4,1.08,0.59,7.03,High
50,Male,31.7,6.8,48.9,Meniscus Tear,Active,8.9,54.7,38.0,1.128,99.3,1.03,1.03,1.02,0.81,4.26,Moderate
53,Female,29.1,4.0,25.6,No Prior Injury,Light,10.2,44.4,54.9,0.859,99.1,0.95,1.14,0.75,0.95,5.46,Moderate
57,Male,36.6,8.4,56.6,Repetitive Strain,Moderate,17.07,46.4,32.1,1.239,96.6,0.98,0.76,1.16,0.77,6.31,High
67,Female,31.7,3.9,47.2,No Prior Injury,Light,4.78,49.1,57.5,0.928,82.1,1.07,1.33,0.85,0.91,3.3,Moderate
43,Male,21.9,0.6,16.0,No Prior Injury,Active,2.45,59.5,60.7,0.911,116.0,1.0,1.14,1.3,1.09,1.21,Low
41,Male,22.8,2.1,8.5,No Prior Injury,Light,4.22,57.8,56.6,0.983,117.1,1.48,1.26,1.17,1.1,1.38,Low
57,Female,24.6,4.4,28.1,Meniscus Tear,Moderate,4.85,47.7,55.8,0.888,96.7,0.83,1.08,0.86,1.01,5.21,Moderate
65,Male,26.2,1.0,11.6,No Prior Injury,Moderate,1.14,54.8,56.0,0.99,123.8,1.1,1.16,1.29,1.15,2.24,Low
77,Female,37.8,7.5,48.4,Meniscus Tear,Light,16.85,30.4,47.5,0.622,71.7,0.83,1.12,0.63,1.04,6.43,High
70,Female,24.5,8.0,61.2,Fracture,Moderate,15.99,35.8,44.2,0.581,73.6,0.63,1.13,0.67,1.11,5.68,High
26,Male,18.5,1.4,6.1,No Prior Injury,Moderate,1.96,60.3,58.1,1.012,118.1,1.37,1.23,1.13,1.06,1.39,Low
66,Female,30.6,7.5,67.6,No Prior Injury,Sedentary,11.83,44.2,24.0,1.438,70.6,1.08,0.77,0.9,0.57,8.43,High
41,Female,25.9,5.0,23.2,Repetitive Strain,Light,7.25,41.9,53.0,0.726,86.7,1.01,1.1,0.96,0.83,4.48,Moderate
20,Female,18.9,0.0,7.0,Meniscus Tear,Moderate,1.37,59.9,61.3,1.025,121.6,1.1,1.22,1.19,1.19,1.8,Low
68,Female,30.3,8.0,40.8,No Prior Injury,Moderate,14.18,44.8,28.3,1.358,98.0,0.8,0.79,0.99,0.46,10.44,High
55,Female,28.9,5.4,36.7,No Prior Injury,Active,5.62,41.4,48.0,0.894,87.3,0.84,0.94,0.77,1.17,3.51,Moderate
31,Female,23.1,2.9,13.0,No Prior Injury,Active,0.79,61.0,62.6,1.051,111.1,1.21,1.23,1.18,1.22,1.8,Low
30,Female,22.8,1.2,5.3,No Prior Injury,Light,1.34,61.7,60.2,0.957,106.3,1.32,1.17,1.17,1.14,1.47,Low
28,Female,28.6,1.2,3.6,Meniscus Tear,Very Active,0.26,65.1,65.4,0.913,106.4,1.27,1.25,1.16,1.01,2.2,Low
56,Male,20.6,1.5,8.2,No Prior Injury,Very Active,0.78,61.6,61.5,1.032,106.8,1.34,1.36,1.0,1.24,2.83,Low
48,Male,30.0,1.3,0.0,No Prior Injury,Moderate,4.5,56.3,59.9,1.058,107.3,1.29,1.08,1.19,1.1,1.42,Low
70,Female,34.8,6.9,60.3,ACL Tear,Sedentary,11.99,33.4,44.3,0.708,93.3,0.72,1.06,0.49,0.97,6.75,High
32,Male,21.0,1.6,5.8,No Prior Injury,Very Active,4.5,57.9,59.4,0.979,106.3,1.23,1.36,1.17,1.09,2.04,Low
65,Male,30.5,3.2,28.3,ACL Tear,Light,5.97,56.1,40.9,1.099,109.7,1.15,1.03,1.13,0.81,4.77,Moderate
38,Male,21.5,0.9,12.0,No Prior Injury,Light,2.15,59.1,59.1,0.98,108.2,1.27,1.1,1.02,1.08,1.69,Low
36,Female,19.5,1.8,8.3,No Prior Injury,Moderate,4.5,67.8,67.0,1.002,117.3,1.28,1.35,1.23,1.05,1.26,Low
57,Male,25.6,6.8,19.5,Fracture,Light,3.43,57.7,55.1,1.168,84.5,1.09,0.86,1.03,0.69,5.33,Moderate
72,Female,27.3,3.2,20.6,Repetitive Strain,Light,11.14,54.6,38.0,1.12,88.5,1.21,1.02,1.03,0.82,3.28,Moderate
56,Female,37.9,9.9,60.9,No Prior Injury,Sedentary,13.53,38.3,27.4,1.394,85.6,1.1,0.67,1.04,0.68,8.7,High
49,Female,25.5,2.6,8.8,No Prior Injury,Moderate,1.24,67.4,67.1,1.011,109.2,1.27,1.18,1.26,1.13,1.61,Low
60,Female,34.1,5.8,49.6,ACL Tear,Light,13.67,27.9,43.2,0.636,67.7,0.62,1.1,0.75,1.0,6.51,High
40,Male,21.7,6.5,25.6,No Prior Injury,Moderate,3.4,46.3,61.0,0.807,111.6,0.95,1.31,0.82,0.87,2.71,Moderate
60,Female,25.4,3.5,22.8,Repetitive Strain,Moderate,7.78,56.7,62.0,0.784,90.0,0.98,1.22,0.99,1.1,4.35,Moderate
27,Female,29.2,0.7,3.6,No Prior Injury,Very Active,0.1,64.1,62.8,1.1,98.7,1.36,1.22,1.22,1.18,1.43,Low
43,Male,33.1,3.1,34.7,No Prior Injury,Sedentary,8.79,57.7,50.0,1.184,102.4,1.19,1.1,1.11,0.89,3.69,Moderate
60,Female,23.7,3.2,31.2,ACL Tear,Light,6.11,50.5,58.7,0.797,80.3,1.15,1.14,0.92,1.02,4.99,Moderate
26,Male,25.2,3.1,0.0,ACL Tear,Very Active,1.13,62.9,59.3,1.026,123.5,1.11,1.21,1.25,1.24,1.71,Low
65,Female,30.6,4.7,39.3,No Prior Injury,Light,8.71,60.2,55.6,1.082,93.8,1.21,0.79,1.24,0.92,3.91,Moderate
28,Female,25.3,0.7,0.6,No Prior Injury,Moderate,3.09,67.0,64.9,0.978,115.7,1.2,1.19,1.01,1.22,1.61,Low
63,Female,31.2,4.8,35.5,No Prior Injury,Light,4.11,55.1,47.6,1.217,86.1,1.12,0.86,1.11,0.99,4.08,Moderate
53,Male,28.6,3.3,30.3,No Prior Injury,Sedentary,8.75,51.7,38.6,1.263,105.2,1.0,1.08,1.19,0.73,2.2,Moderate
24,Female,18.7,0.1,3.5,No Prior Injury,Active,2.93,61.9,58.7,1.045,113.2,1.22,1.24,1.14,1.25,1.26,Low
41,Male,27.9,0.9,8.0,No Prior Injury,Sedentary,0.19,62.1,64.1,1.061,111.1,1.29,1.31,1.11,1.16,1.81,Low
62,Male,28.4,7.1,49.8,Meniscus Tear,Sedentary,12.18,27.6,44.4,0.579,90.2,0.69,1.1,0.69,0.95,6.75,High
65,Female,22.4,1.5,5.7,No Prior Injury,Sedentary,4.5,56.4,58.6,0.998,113.1,1.3,1.36,1.0,1.19,1.67,Low
56,Female,26.8,4.3,40.0,ACL Tear,Light,9.56,47.9,56.5,0.735,92.2,1.0,1.29,0.89,0.99,5.01,Moderate
42,Male,24.6,1.3,2.1,No Prior Injury,Moderate,0.1,65.1,66.4,1.021,112.2,1.22,1.23,0.88,1.16,1.56,Low
65,Female,28.2,3.2,46.0,No Prior Injury,Active,6.01,49.3,57.6,0.929,87.9,0.99,1.18,0.58,0.98,3.13,Moderate
65,Female,33.0,8.3,51.6,Fracture,Sedentary,10.67,27.6,42.4,0.587,63.7,0.58,1.07,0.35,1.01,9.1,High
35,Male,18.9,0.9,15.7,No Prior Injury,Moderate,0.18,59.4,63.3,0.975,97.3,1.38,1.19,1.1,0.98,2.67,Low
57,Male,23.6,4.7,14.2,Repetitive Strain,Light,8.43,46.3,49.5,0.875,93.2,0.95,1.07,1.03,1.05,3.55,Moderate
61,Female,29.5,8.0,48.4,ACL Tear,Sedentary,9.17,43.1,32.9,1.266,77.0,1.18,0.61,1.07,0.66,4.75,High
44,Male,20.6,0.3,0.0,No Prior Injury,Light,0.56,68.8,66.5,0.928,107.5,1.19,1.17,1.09,1.08,1.61,Low
54,Male,29.2,3.7,15.9,No Prior Injury,Light,7.87,44.3,55.8,0.867,101.4,0.89,1.32,0.87,0.82,4.5,Moderate
71,Female,30.4,6.0,68.8,Meniscus Tear,Active,20.03,24.0,44.0,0.79,77.5,0.62,1.18,0.55,0.85,10.11,High
33,Male,23.3,0.4,9.7,No Prior Injury,Moderate,3.78,61.4,61.5,0.976,97.1,1.35,1.17,1.22,0.96,2.25,Low
49,Male,21.4,3.5,33.1,No Prior Injury,Moderate,10.26,60.7,57.2,1.132,99.3,1.29,1.02,0.99,0.68,3.09,Moderate
75,Male,36.0,6.8,27.4,Repetitive Strain,Light,4.38,45.7,38.0,1.218,99.9,1.11,1.07,0.97,0.83,3.2,Moderate
62,Male,31.6,8.9,67.3,No Prior Injury,Sedentary,15.74,45.2,31.7,1.386,70.6,1.1,0.82,0.92,0.73,7.72,High
26,Male,24.8,1.5,15.3,No Prior Injury,Active,0.1,59.8,58.7,1.017,104.9,1.21,1.31,1.12,1.3,1.6,Low
60,Male,31.5,5.6,53.9,Meniscus Tear,Sedentary,20.89,48.4,30.6,1.278,72.7,1.07,0.77,0.77,0.71,8.71,High
30,Male,25.6,2.5,10.9,No Prior Injury,Very Active,3.31,64.3,60.9,1.054,118.1,1.08,1.18,1.29,1.27,2.27,Low
55,Female,42.9,7.6,80.5,ACL Tear,Light,16.14,34.7,48.2,0.656,75.8,0.7,1.19,0.7,0.66,9.0,High
30,Male,30.0,2.1,17.6,No Prior Injury,Sedentary,0.95,62.4,63.2,1.023,112.8,1.4,1.21,1.24,1.11,2.02,Low
46,Male,23.1,1.1,17.9,No Prior Injury,Moderate,1.83,67.7,66.0,1.008,107.1,1.22,1.3,1.26,1.13,1.57,Low
61,Male,29.5,3.3,46.0,No Prior Injury,Moderate,5.91,44.1,53.2,0.898,91.6,1.05,1.33,0.99,1.0,2.36,Moderate
76,Male,28.7,4.2,31.4,No Prior Injury,Light,5.95,61.2,46.5,1.134,111.5,1.06,0.88,1.01,0.88,4.01,Moderate
62,Female,26.2,6.3,34.0,ACL Tear,Light,7.05,46.8,55.8,0.818,101.8,0.97,1.03,0.96,0.96,5.4,Moderate
66,Female,31.1,7.4,69.1,Meniscus Tear,Sedentary,18.2,45.4,30.4,1.349,89.4,1.11,0.87,0.9,0.58,10.22,High
51,Male,28.2,6.0,26.1,Repetitive Strain,Sedentary,4.19,55.1,48.3,1.167,100.9,1.3,1.03,1.13,0.99,5.63,Moderate
75,Female,33.1,7.1,51.1,ACL Tear,Sedentary,11.32,29.0,45.8,0.67,80.8,0.75,1.01,0.74,1.1,6.65,High
56,Female,25.0,3.2,40.0,Repetitive Strain,Light,9.69,55.7,41.6,1.124,100.3,1.06,1.01,1.07,0.96,5.3,Moderate
